age,annual_income,loan_amount,loan_to_income,credit_score,employment_years,delinquency_count,open_credit_lines,utilization_ratio,savings_balance,housing_status,employment_type,previous_default,purpose,target
45,25942.21,28236.69,1.0884,644.6,6.3,3,3.2,0.4238,16438.72,own,salaried,yes,consumer,1
26,76293.42,3592.46,0.0471,675.0,7.5,2,4.3,0.3894,13413.98,rent,salaried,yes,car,0
43,94022.94,19208.04,0.2043,659.9,11.1,1,3.6,0.5188,46594.9,rent,salaried,yes,consumer,1
55,87456.94,18087.07,0.2068,685.4,4.9,2,3.7,0.3053,1949.94,rent,salaried,no,home_improvement,0
36,12686.89,20520.59,1.5,670.1,6.0,0,3.0,0.4206,36497.32,mortgage,salaried,no,car,1
36,42512.35,25032.61,0.5888,560.7,4.0,2,4.3,0.28,33318.75,own,self_employed,no,consumer,1
44,32275.67,41182.85,1.276,503.7,5.2,6,3.3,0.5937,,mortgage,self_employed,yes,education,1
64,75563.35,2806.09,0.0371,637.0,7.8,4,7.0,0.5202,17506.64,mortgage,salaried,no,car,1
51,72919.84,32518.98,0.446,707.0,3.2,0,6.0,0.3794,17453.12,rent,salaried,no,consumer,0
66,12000.0,1500.0,0.125,637.8,9.0,0,8.5,0.4778,20729.22,mortgage,unemployed,no,consumer,0
24,55780.04,38724.53,0.6942,757.7,9.0,0,10.2,0.4236,9081.88,rent,,no,consumer,0
63,82217.28,1500.0,0.03,661.5,6.6,2,7.2,0.7102,11577.78,mortgage,salaried,no,home_improvement,0
23,66551.42,51236.74,0.7699,766.8,3.2,0,6.6,0.3774,12671.63,mortgage,self_employed,no,home_improvement,0
37,66510.41,17322.79,0.2605,751.4,8.0,1,7.4,0.6034,13150.53,own,salaried,no,consumer,0
42,54240.15,37484.6,0.6911,743.8,4.9,0,6.7,0.3219,13338.66,mortgage,unemployed,no,car,1
32,37585.42,35009.87,0.9315,574.7,7.7,0,5.6,0.641,0.0,mortgage,salaried,no,car,1
70,62590.66,16762.13,0.2678,666.3,13.2,2,5.4,0.6878,19464.74,mortgage,self_employed,no,consumer,0
65,,17683.01,0.2752,756.7,1.0,0,2.9,0.6977,10087.98,rent,salaried,no,consumer,0
49,77766.11,11954.09,,685.4,18.8,0,7.6,0.7789,0.0,mortgage,salaried,yes,car,0
43,79716.0,31448.44,0.3945,706.6,7.1,2,5.4,0.5314,12749.23,mortgage,salaried,no,car,0
59,65060.67,16918.38,0.26,560.9,9.6,3,9.1,0.73,12285.64,mortgage,unemployed,yes,education,1
56,89277.8,12172.2,0.1363,808.9,3.6,0,7.8,0.8111,37128.67,mortgage,salaried,no,education,0
45,54001.81,28447.31,0.5268,605.6,13.4,0,3.9,0.2344,9911.55,rent,salaried,no,consumer,0
62,28343.41,11233.88,0.3963,,6.8,2,8.6,0.3433,28016.85,rent,unemployed,yes,home_improvement,1
30,74449.29,18052.21,0.2425,638.7,5.5,0,1.0,0.1559,38742.18,rent,salaried,no,consumer,0
34,66033.11,23285.27,0.3526,481.4,4.5,0,10.3,0.6928,,mortgage,salaried,no,home_improvement,1
21,74926.36,14290.85,0.1907,583.6,6.1,2,2.2,0.1532,17287.54,own,salaried,yes,consumer,1
26,32653.17,16101.42,0.4931,850.0,9.7,2,6.7,0.0962,43930.38,mortgage,self_employed,no,car,0
30,105979.11,40419.8,0.3814,636.5,8.4,1,6.6,0.2395,21434.64,mortgage,salaried,no,consumer,1
52,80052.06,19549.18,0.2442,557.9,7.3,3,8.3,0.105,23606.25,mortgage,salaried,yes,home_improvement,0
63,56088.07,17684.48,0.3153,666.9,3.8,0,4.7,0.5272,11891.19,rent,unemployed,no,consumer,1
50,40549.12,19898.5,0.4907,597.7,3.5,2,1.0,0.2422,28305.76,rent,salaried,no,consumer,0
43,,27453.46,0.309,,5.1,1,4.7,0.115,17405.36,rent,salaried,no,consumer,0
34,36557.53,9593.64,0.2624,598.3,9.9,2,5.0,0.4612,0.0,own,salaried,no,education,0
26,117272.76,27126.58,0.2313,685.3,10.9,2,1.0,0.4736,12671.51,rent,salaried,no,car,1
50,48283.08,25069.84,0.5192,579.0,11.6,1,5.6,0.0773,252.32,mortgage,salaried,no,education,1
28,104292.13,1500.0,0.03,850.0,7.5,2,2.8,0.3201,19683.61,rent,salaried,yes,car,0
60,58572.63,43531.07,0.7432,702.8,9.5,1,7.1,0.4543,4247.41,mortgage,salaried,yes,home_improvement,0
41,100937.92,39529.76,0.3916,654.1,6.6,0,4.9,0.3951,25171.93,rent,self_employed,no,education,0
38,45363.16,12393.24,0.2732,643.0,0.0,2,10.4,0.4008,18671.45,own,salaried,no,education,1
22,63452.07,8530.88,0.1344,623.5,6.4,1,4.9,0.7177,0.0,rent,salaried,no,consumer,1
33,82313.98,24736.62,0.3005,607.9,5.5,1,6.6,0.9208,10611.93,own,salaried,no,home_improvement,0
21,78889.85,4889.64,0.062,605.9,2.1,0,5.0,0.4042,27308.44,mortgage,self_employed,yes,consumer,0
57,89418.28,38371.4,0.4291,790.9,4.5,0,1.4,0.1924,35219.9,rent,self_employed,yes,car,0
45,51300.67,16378.56,0.3193,623.6,8.2,0,5.0,0.4207,4463.68,mortgage,self_employed,no,car,0
60,65035.4,41461.68,0.6375,505.3,1.6,2,7.4,0.5108,1538.39,mortgage,unemployed,yes,consumer,1
49,92961.33,12107.16,0.1302,577.6,3.8,1,7.0,0.4588,47264.77,rent,self_employed,yes,home_improvement,0
68,46073.87,20653.57,0.4483,734.6,15.5,2,4.8,0.5982,17853.48,mortgage,unemployed,no,education,0
60,76740.99,37206.55,0.4848,646.1,0.0,1,1.9,0.9345,19372.03,mortgage,salaried,yes,home_improvement,1
28,57740.15,18121.13,,654.9,6.5,2,7.1,0.1102,6909.13,mortgage,salaried,no,consumer,1
26,67940.98,25265.1,0.3719,752.7,1.4,2,6.5,0.3635,21228.3,mortgage,salaried,yes,consumer,0
65,65029.21,35111.91,0.5399,606.7,3.6,1,7.6,0.7936,43726.44,mortgage,salaried,no,education,0
34,44081.2,15327.43,0.3477,712.4,6.5,2,4.8,0.3604,21815.48,rent,salaried,no,home_improvement,1
59,56743.36,6859.13,0.1209,614.9,2.4,0,1.3,0.6358,33974.45,rent,salaried,no,consumer,0
52,66478.37,4495.47,0.0676,708.2,10.5,6,6.8,0.6025,18434.76,rent,salaried,no,car,1
56,60534.62,29001.19,0.4791,635.7,14.5,0,5.5,0.7297,2612.95,mortgage,self_employed,no,car,0
34,100745.66,26665.34,0.2647,646.9,11.9,2,9.0,0.8718,7751.45,rent,salaried,no,car,1
36,87238.93,34739.96,0.3982,726.5,12.8,2,5.6,0.5399,1232.97,rent,salaried,no,education,0
48,69959.53,18711.46,0.2675,721.1,0.3,1,5.4,0.1034,21266.8,mortgage,unemployed,no,education,1
22,44684.49,4831.15,0.1081,652.6,6.2,0,6.5,0.3229,36358.33,rent,salaried,no,car,0
36,43223.45,1500.0,0.0347,629.6,9.9,0,4.0,0.9291,20415.16,rent,salaried,no,consumer,0
46,110371.46,56415.55,0.5111,784.9,12.0,2,3.9,0.173,13383.27,own,salaried,no,consumer,1
31,38762.75,28323.08,0.7307,709.2,16.6,1,5.3,0.5743,6155.4,mortgage,salaried,yes,consumer,1
35,65732.63,23641.5,0.3597,635.7,13.1,0,3.2,0.01,23331.69,mortgage,unemployed,no,consumer,0
70,71662.77,25343.68,,616.0,12.2,1,4.9,0.1862,0.0,rent,salaried,no,education,0
35,55528.23,4823.93,0.0869,741.9,21.2,1,10.3,0.6563,988.48,mortgage,unemployed,no,car,0
66,38947.11,12461.54,0.32,673.7,8.0,1,8.1,0.4776,31502.45,own,,no,consumer,0
67,44162.48,42919.96,0.9719,652.7,6.0,4,6.3,0.3909,13833.97,rent,self_employed,no,consumer,1
54,49883.88,29900.17,0.5994,673.6,8.4,0,9.4,0.299,13538.19,rent,salaried,no,car,1
28,45972.17,12836.83,0.2792,690.3,2.7,0,3.4,0.0507,15464.01,rent,salaried,no,home_improvement,0
31,94865.29,7278.22,0.0767,660.7,7.9,0,11.7,0.6156,28888.07,own,salaried,no,consumer,0
67,62780.98,15811.67,0.2519,755.3,0.0,0,4.3,0.4105,20482.54,rent,salaried,yes,home_improvement,0
21,50428.77,18214.83,0.3612,759.5,4.7,1,10.5,0.1504,6853.78,mortgage,unemployed,no,consumer,0
46,65566.99,46589.75,0.7106,704.9,6.9,1,10.5,0.4763,7393.62,mortgage,self_employed,no,car,0
50,79030.94,19740.79,0.2498,768.1,12.4,1,1.1,0.5921,15073.34,own,salaried,no,home_improvement,1
62,54729.13,7725.38,0.1412,665.6,13.3,1,9.2,0.4279,22533.3,rent,self_employed,no,home_improvement,0
65,84647.55,21296.77,0.2516,716.8,2.5,0,4.8,0.4944,17467.35,mortgage,salaried,yes,home_improvement,0
35,32492.48,25172.06,0.7747,740.3,18.3,0,4.1,0.478,16132.65,own,unemployed,no,home_improvement,0
46,91111.29,6633.44,0.0728,741.4,8.3,2,6.8,0.3216,18694.25,rent,salaried,no,home_improvement,0
52,62785.14,26825.99,0.4273,733.7,8.7,0,3.0,0.4814,17456.63,mortgage,salaried,no,consumer,0
69,61847.7,36506.99,0.5903,712.3,0.0,0,6.8,0.6244,6294.26,rent,salaried,no,car,0
48,46367.66,23664.06,0.5104,811.8,4.3,2,3.1,0.6873,34605.76,rent,salaried,no,consumer,0
27,33531.6,12435.22,0.3709,624.5,13.0,0,5.9,0.6361,10765.33,rent,,no,consumer,1
67,22999.87,15653.55,0.6806,653.4,8.4,2,8.8,0.3282,19938.31,rent,salaried,no,consumer,1
46,44693.36,2093.97,0.0469,648.9,8.1,1,6.5,0.6036,0.0,rent,salaried,no,consumer,1
29,77104.16,20393.98,0.2645,637.4,8.7,1,4.6,0.5677,14772.39,mortgage,self_employed,no,consumer,0
30,39929.32,25729.36,0.6444,515.8,0.0,1,6.9,0.321,1506.16,mortgage,salaried,no,home_improvement,0
31,25837.24,11240.41,0.435,768.1,7.0,5,2.0,0.3725,3314.67,rent,salaried,yes,car,1
57,41182.43,45276.4,1.0994,588.0,14.8,0,3.4,0.6127,54332.79,mortgage,self_employed,no,education,0
68,53764.0,31507.35,0.586,677.7,13.2,1,4.4,0.7592,21742.89,own,salaried,no,consumer,0
43,54707.97,1500.0,0.03,558.4,6.8,0,7.5,0.0895,36390.33,rent,self_employed,no,car,0
25,59906.57,1500.0,0.03,711.6,15.6,3,6.5,0.8144,30829.55,rent,salaried,yes,car,1
65,87782.55,10191.71,0.1161,606.1,1.0,4,6.8,0.7145,32748.64,rent,salaried,no,consumer,0
52,92982.11,40878.22,0.4396,579.8,2.4,0,5.4,0.5118,15013.93,own,salaried,no,home_improvement,0
49,,32691.06,0.2942,679.6,17.2,4,3.5,0.4194,42096.03,own,salaried,no,car,0
24,24002.22,41484.55,1.5,612.4,10.5,3,9.2,0.552,30700.31,mortgage,salaried,no,car,1
69,42458.79,22122.51,0.521,621.9,6.0,0,3.8,0.3355,18620.02,rent,salaried,no,consumer,1
24,79763.64,19486.13,0.2443,677.9,7.2,0,6.5,0.4327,21949.34,mortgage,self_employed,no,consumer,0
51,52103.25,7029.89,0.1349,725.0,3.3,2,5.2,0.1602,15949.01,mortgage,salaried,no,car,0
50,83658.88,26196.21,0.3131,603.6,8.9,1,6.9,0.1043,,rent,self_employed,no,car,0
46,67970.72,19645.98,0.289,590.7,8.5,2,4.0,0.9598,17345.99,rent,salaried,no,consumer,0
48,100900.9,19183.93,0.1901,666.8,7.6,0,8.1,0.4832,23723.0,rent,unemployed,no,home_improvement,0
40,88025.19,41416.61,,705.4,1.5,1,8.9,0.5128,44099.61,mortgage,salaried,no,car,1
49,88464.4,20483.85,0.2315,774.7,8.9,3,8.0,0.4635,0.0,own,self_employed,no,consumer,0
39,53115.08,37971.78,0.7149,584.7,4.7,0,5.9,0.2962,35135.32,rent,salaried,yes,consumer,0
44,60660.94,2943.1,0.0485,641.2,2.4,1,4.4,0.4055,12476.48,own,salaried,no,car,0
54,55673.92,54257.35,0.9746,753.2,14.1,1,12.6,0.4891,37044.95,mortgage,salaried,no,consumer,1
58,26858.59,17520.75,0.6523,813.0,18.8,0,3.0,0.4287,12998.32,mortgage,unemployed,no,car,0
28,98322.46,30486.21,0.3101,590.5,17.6,1,7.7,0.312,24191.31,own,self_employed,yes,education,0
70,80889.3,32395.27,0.4005,609.6,10.9,1,6.3,0.5707,15617.34,mortgage,self_employed,no,education,0
25,54719.35,16031.72,0.293,693.6,6.1,0,5.3,0.5096,0.0,rent,salaried,no,education,0
34,94310.22,31828.36,0.3375,621.7,7.1,0,6.0,0.5525,44084.65,rent,salaried,no,consumer,0
38,47871.18,32452.04,0.6779,608.1,9.6,0,4.2,0.6181,3858.7,mortgage,salaried,no,consumer,1
37,18884.77,13442.27,0.7118,683.3,5.3,1,6.6,0.4342,19258.24,mortgage,self_employed,no,consumer,0
38,87176.87,13584.4,0.1558,781.2,14.4,1,6.3,0.4345,2213.67,rent,salaried,yes,consumer,0
37,32314.55,22543.68,0.6976,566.8,0.0,0,12.2,0.7813,0.0,mortgage,self_employed,yes,car,1
42,58301.39,20614.07,0.3536,777.4,6.0,0,8.2,0.2718,14925.9,rent,self_employed,no,home_improvement,1
59,67946.95,38717.56,0.5698,621.9,11.7,1,6.8,0.0765,9097.33,rent,salaried,no,home_improvement,0
62,72251.17,30432.02,0.4212,690.9,3.1,0,6.9,0.5867,467.77,mortgage,self_employed,yes,car,0
38,83361.63,21154.92,0.2538,784.3,6.3,3,10.1,0.3378,17468.51,rent,salaried,yes,consumer,1
33,76940.43,29272.94,0.3805,689.4,10.6,1,3.1,0.2438,0.0,rent,salaried,no,consumer,0
54,76197.42,1500.0,0.03,642.7,15.4,2,5.0,0.6559,19882.11,rent,salaried,no,consumer,0
23,44021.96,14616.27,0.332,718.9,0.8,2,1.0,0.4396,16090.1,own,salaried,yes,education,1
43,,25453.85,0.3633,652.0,0.4,0,6.9,0.2047,0.0,rent,salaried,no,car,1
32,26866.8,35384.39,1.317,704.1,2.6,1,7.6,0.8763,10153.35,rent,self_employed,no,home_improvement,1
51,100491.3,24397.23,0.2428,649.6,0.0,1,3.0,0.1318,25026.15,rent,self_employed,no,consumer,1
24,29338.44,39498.87,1.3463,729.6,0.0,1,9.1,0.4518,2046.81,rent,salaried,no,consumer,1
62,54685.44,32415.28,0.5928,560.4,2.4,2,3.7,0.0733,25676.88,rent,unemployed,no,home_improvement,1
34,31347.02,16140.05,0.5149,589.0,13.9,2,4.6,0.5268,24490.19,rent,unemployed,no,car,1
46,45476.01,20319.63,0.4468,559.3,5.9,0,5.8,0.3354,2734.18,rent,salaried,yes,home_improvement,0
49,63322.28,26901.06,0.4248,660.8,7.7,1,9.5,0.642,17815.77,mortgage,salaried,no,consumer,0
44,50309.81,16616.37,0.3303,550.3,2.5,1,3.4,0.4663,30374.87,rent,unemployed,yes,consumer,0
43,90461.91,40375.48,0.4463,613.1,10.8,0,6.2,0.7536,4853.67,rent,salaried,yes,car,0
34,68445.62,8695.29,0.127,581.9,17.3,2,7.4,0.3798,14912.84,mortgage,salaried,yes,car,0
59,51890.17,25793.28,0.4971,776.0,2.9,1,6.9,0.133,35253.59,rent,unemployed,no,car,0
46,59794.03,30825.36,0.5155,590.7,16.5,0,7.0,0.5199,5135.52,rent,self_employed,yes,car,1
31,92272.81,18238.64,0.1977,568.5,9.4,0,7.4,0.417,24887.37,own,self_employed,no,education,0
34,84812.9,15534.41,0.1832,683.6,7.6,1,4.1,0.088,1812.13,mortgage,unemployed,no,car,0
42,,21087.02,0.5912,791.5,9.6,1,9.7,0.2484,15585.57,mortgage,salaried,yes,consumer,1
63,46664.36,31743.98,0.6803,656.3,9.5,1,5.2,0.3152,24700.9,mortgage,self_employed,no,home_improvement,0
69,74394.96,16001.82,0.2151,662.1,17.2,0,4.9,0.7966,0.0,own,self_employed,yes,education,0
40,71480.8,9172.95,0.1283,761.8,10.2,3,8.9,0.6186,9985.15,rent,salaried,no,education,0
40,37790.84,35807.02,0.9475,730.9,10.3,1,3.9,0.397,24439.98,rent,salaried,no,consumer,0
27,80979.04,26791.56,0.3308,696.9,5.3,1,6.3,0.5689,21387.66,mortgage,salaried,no,consumer,1
48,41619.02,34094.29,0.8192,621.3,11.9,1,3.7,0.0417,10164.32,rent,self_employed,no,consumer,1
32,94291.84,31111.98,0.33,699.2,2.5,1,11.8,0.3514,1431.27,mortgage,self_employed,no,home_improvement,0
61,75706.78,48158.67,,562.9,8.1,1,11.3,0.5542,27426.97,rent,unemployed,yes,car,1
47,35833.81,35379.66,0.9873,618.2,22.5,1,5.2,0.5047,13163.9,rent,salaried,no,consumer,0
32,50302.16,13311.05,0.2646,772.4,0.0,0,6.8,0.3567,,mortgage,salaried,no,home_improvement,0
66,49884.95,27643.22,0.5541,762.6,8.7,0,5.5,0.462,23703.35,mortgage,salaried,no,consumer,0
61,66837.04,15310.14,0.2291,697.8,8.9,1,4.6,0.541,11288.73,mortgage,unemployed,no,consumer,0
36,58104.55,16550.49,0.2848,520.3,6.3,0,5.8,0.468,34088.43,rent,salaried,no,home_improvement,0
27,35508.27,5050.0,0.1422,574.4,6.4,0,5.4,0.6508,9085.84,rent,self_employed,no,car,1
34,29537.78,18566.64,0.6286,614.0,8.0,0,1.7,0.5369,35856.81,mortgage,salaried,no,education,1
39,76176.56,28540.41,0.3747,652.1,6.2,2,6.2,0.5774,37819.39,rent,salaried,yes,education,1
41,69869.68,21207.74,0.3035,571.2,8.7,1,5.4,0.8298,33751.72,mortgage,salaried,no,home_improvement,0
62,65532.9,8807.58,0.1344,646.5,5.0,1,6.3,0.6438,15291.58,mortgage,self_employed,no,home_improvement,0
69,69497.56,3723.77,0.0536,797.5,18.0,2,5.3,0.8356,56206.19,rent,salaried,no,car,1
58,48145.94,47342.15,0.9833,695.1,6.2,1,4.6,0.3289,20277.67,rent,self_employed,no,car,1
63,67415.82,25901.93,0.3842,681.4,10.5,2,7.7,0.1356,21615.85,mortgage,salaried,yes,consumer,0
27,123924.13,12111.17,0.0977,588.7,4.0,1,6.8,0.4405,17669.08,rent,salaried,no,education,0
28,91189.61,27541.4,0.302,542.1,12.4,0,9.0,0.4226,1053.5,rent,salaried,no,home_improvement,0
66,56078.2,48270.23,0.8608,572.9,11.3,1,6.7,0.7765,37426.1,own,salaried,yes,car,1
51,50439.08,29445.55,0.5838,539.0,9.7,0,5.0,0.2327,9413.95,rent,salaried,no,home_improvement,0
32,12000.0,1500.0,0.125,670.6,2.2,2,7.0,0.4534,31794.17,mortgage,salaried,no,consumer,0
60,88648.66,53827.5,0.6072,693.8,3.6,1,1.0,0.5551,35393.3,rent,salaried,yes,car,0
29,81878.53,1500.0,0.03,592.6,16.3,1,10.8,0.491,27049.82,rent,salaried,yes,consumer,1
59,49948.13,19527.86,0.391,676.1,3.5,0,6.2,0.434,7620.46,mortgage,salaried,no,consumer,0
65,28639.02,8399.15,0.2933,775.2,10.8,0,11.0,0.5453,12883.83,rent,,no,car,0
45,35273.58,13119.97,0.3719,811.8,2.6,1,3.3,0.6966,0.0,mortgage,self_employed,no,car,0
53,73665.55,25412.92,0.345,722.8,12.7,0,2.7,0.7925,16252.99,rent,salaried,no,home_improvement,0
57,60855.82,1500.0,0.03,651.9,3.9,1,6.4,0.4769,30040.65,mortgage,salaried,no,consumer,0
65,79598.21,20917.05,0.2628,720.4,2.5,2,6.4,0.2987,14437.42,mortgage,salaried,no,consumer,0
50,65074.64,35768.11,,766.4,3.8,3,6.3,0.7923,9148.8,mortgage,salaried,no,car,0
35,86202.21,11881.12,0.1378,514.5,4.6,1,6.0,0.2437,13533.8,mortgage,salaried,no,consumer,0
31,71869.8,5316.58,0.074,776.2,9.6,1,3.9,0.846,36230.49,rent,salaried,no,consumer,0
38,82891.09,20328.34,0.2452,624.2,7.9,0,1.8,0.7523,17184.51,rent,salaried,no,car,0
23,12847.6,17939.9,1.3964,624.9,1.8,0,6.2,0.7828,45868.74,own,self_employed,no,car,1
55,33375.71,14857.27,0.4452,638.4,7.4,0,2.3,0.6139,9439.0,mortgage,self_employed,no,car,1
39,54255.56,7739.85,0.1427,689.0,1.6,1,2.1,0.0264,21258.48,mortgage,salaried,no,consumer,0
56,88909.65,28230.21,0.3175,581.7,10.8,1,4.5,0.2518,11498.97,mortgage,salaried,no,education,0
24,108132.71,29143.16,0.2695,643.6,11.8,1,6.6,0.5344,49117.3,rent,salaried,no,home_improvement,0
37,59058.34,9212.24,0.156,704.4,7.4,2,10.5,0.3281,20695.58,rent,salaried,no,car,0
40,48322.08,10872.96,0.225,681.4,8.9,1,7.9,0.4038,49921.14,rent,unemployed,no,home_improvement,0
25,16080.75,23637.9,1.4699,693.6,16.6,0,9.1,0.5987,,rent,salaried,no,education,1
62,83725.53,10420.34,0.1245,640.7,6.7,2,7.1,0.4343,40913.69,rent,salaried,no,consumer,0
50,49795.43,24143.94,0.4849,717.0,2.6,2,6.4,0.214,19770.05,rent,self_employed,no,consumer,1
63,134000.03,39616.56,0.2956,744.2,10.5,0,11.8,0.656,30549.83,mortgage,unemployed,no,consumer,0
61,45254.31,21282.13,0.4703,739.7,1.6,1,2.2,0.5781,0.0,mortgage,salaried,no,home_improvement,1
22,113526.6,7436.6,0.0655,697.1,6.4,1,4.5,0.4177,23226.21,rent,self_employed,no,education,1
64,80960.82,26705.24,0.3299,735.4,4.4,0,4.7,0.6194,1963.19,mortgage,self_employed,no,education,0
24,38321.65,19868.14,0.5185,730.3,3.9,0,7.7,0.49,21856.45,mortgage,self_employed,no,education,0
64,68571.45,20198.12,0.2946,850.0,6.2,0,3.1,0.7496,0.0,rent,salaried,yes,consumer,1
54,81513.13,27703.87,0.3399,756.4,12.2,0,7.4,0.5018,16588.75,mortgage,self_employed,no,consumer,0
61,57593.95,30292.45,0.526,658.3,13.2,0,6.9,0.748,34434.18,mortgage,salaried,no,education,1
45,83111.59,22426.03,0.2698,596.6,12.3,0,7.5,0.0765,26213.31,mortgage,salaried,yes,consumer,0
29,82582.97,21271.84,0.2576,645.4,9.2,2,7.5,0.5664,0.0,own,salaried,yes,car,1
28,77312.12,46762.5,0.6049,640.1,6.2,1,9.3,0.3864,0.0,rent,salaried,no,home_improvement,1
26,,36406.65,0.5815,703.4,0.0,2,5.4,0.2896,25454.17,mortgage,salaried,no,car,0
61,34801.44,32002.55,0.9196,612.5,9.4,0,6.8,0.7133,41717.98,rent,salaried,no,home_improvement,1
47,61157.15,23574.47,0.3855,754.4,0.0,1,3.7,0.6567,3540.81,rent,salaried,yes,consumer,1
31,67225.55,9931.08,0.1477,560.8,0.0,0,3.1,0.0486,49461.06,mortgage,unemployed,no,home_improvement,0
27,17974.78,35528.64,1.5,542.6,6.7,2,9.9,0.6203,17902.6,rent,salaried,no,consumer,1
24,67061.65,23731.53,0.3539,,8.9,2,3.5,0.5948,0.0,rent,salaried,no,car,0
33,60676.77,15073.97,0.2484,601.8,5.2,2,7.1,0.3182,0.0,mortgage,self_employed,no,consumer,0
58,31880.97,19082.31,0.5985,570.6,15.5,0,6.8,0.2946,29549.24,rent,salaried,no,consumer,0
65,55007.85,10405.81,0.1892,617.2,9.9,0,8.4,0.136,19943.52,mortgage,self_employed,no,car,0
51,55515.69,34687.95,0.6248,607.9,6.2,2,1.4,0.3991,40233.31,rent,salaried,no,consumer,1
70,109322.27,30196.44,0.2762,665.8,14.7,1,7.7,0.4327,28.13,rent,salaried,no,home_improvement,0
40,68282.84,24179.59,0.3541,618.5,15.6,2,5.4,0.6374,19777.42,mortgage,salaried,no,consumer,0
37,87865.09,21486.57,0.2445,624.6,10.2,0,4.0,0.5266,,mortgage,salaried,no,education,0
55,60172.43,13831.97,0.2299,664.6,3.5,0,4.9,0.2474,15854.78,mortgage,salaried,yes,home_improvement,1
27,18026.0,1500.0,0.0832,741.1,4.6,1,8.1,0.5202,12260.89,own,salaried,no,car,0
66,79136.2,5044.88,0.0637,775.3,0.0,2,7.3,0.4167,12559.51,rent,salaried,no,education,0
60,47203.52,13088.26,0.2773,676.1,7.3,2,5.2,0.2737,20619.69,rent,salaried,no,education,1
22,54945.6,11284.4,0.2054,,2.0,1,2.7,0.1362,22538.72,own,self_employed,no,education,0
30,37728.69,25472.33,0.6751,651.3,5.8,0,2.8,0.6012,21788.59,mortgage,salaried,no,consumer,1
52,64746.43,31737.92,0.4902,701.1,8.9,0,7.4,0.5637,36089.81,own,self_employed,no,car,0
57,,20458.73,0.231,694.3,0.0,1,2.3,0.5869,0.0,mortgage,self_employed,no,education,1
31,85385.71,38907.0,0.4557,764.4,0.9,1,5.2,0.3171,0.0,mortgage,salaried,no,car,0
58,101068.55,12605.23,0.1247,523.3,4.9,2,12.2,0.5059,33254.48,rent,unemployed,yes,home_improvement,1
44,104471.03,20373.55,0.195,647.4,7.2,1,6.6,0.1812,3847.12,rent,self_employed,no,consumer,0
54,13899.02,21388.15,1.5,690.4,4.9,0,7.4,0.2628,12307.86,mortgage,salaried,yes,consumer,1
42,34353.11,35106.24,1.0219,663.0,6.1,1,2.8,0.4771,8818.51,mortgage,salaried,yes,consumer,1
43,19603.4,23270.64,1.1871,594.6,3.8,2,2.4,0.5251,8497.32,mortgage,salaried,no,education,0
40,78166.33,23602.83,0.302,567.5,0.0,1,7.5,0.1279,,own,unemployed,no,home_improvement,1
28,46366.04,2141.88,0.0462,725.5,4.7,1,4.8,0.2479,9457.09,rent,salaried,no,education,0
30,51259.67,11201.12,0.2185,608.2,6.4,1,8.4,0.3933,27739.97,rent,salaried,yes,education,1
29,57801.66,35151.43,0.6081,533.4,5.9,3,5.9,0.6713,17941.03,own,unemployed,no,car,0
61,72181.7,1500.0,0.03,729.2,8.1,2,14.4,0.2992,25567.61,mortgage,salaried,no,education,1
42,27352.29,38115.91,1.3935,699.4,9.7,2,4.3,0.4995,10558.77,mortgage,salaried,no,education,1
39,32787.28,27995.97,0.8539,656.3,11.0,0,6.5,0.5215,31542.69,mortgage,salaried,no,consumer,1
63,63031.11,13029.74,0.2067,596.4,4.2,1,3.5,0.4176,10374.57,own,self_employed,no,car,0
65,91769.9,12015.41,0.1309,656.5,0.0,0,8.3,0.5263,0.0,rent,salaried,no,education,0
32,62390.46,44751.46,0.7173,756.2,14.1,1,6.9,0.1876,22749.36,rent,salaried,no,consumer,0
38,44000.17,38936.87,0.8849,543.9,9.5,0,3.3,0.3323,29510.77,rent,salaried,no,consumer,1
41,12000.0,20566.71,1.5,547.7,2.5,2,5.0,0.7712,9611.41,mortgage,salaried,no,home_improvement,1
62,85864.21,23615.1,0.275,617.9,8.9,1,9.2,0.786,35988.09,mortgage,unemployed,yes,education,1
54,45337.64,14245.82,0.3142,663.0,13.1,1,8.9,0.647,5239.62,mortgage,salaried,no,home_improvement,1
48,35461.51,23617.41,0.666,627.8,16.5,0,2.2,0.7011,28060.9,mortgage,self_employed,no,consumer,1
32,21832.19,13913.16,,713.2,8.8,5,4.6,0.0866,44171.64,rent,self_employed,no,consumer,0
40,28461.58,21057.48,0.7399,746.7,13.0,0,10.3,0.2708,18550.96,mortgage,salaried,no,car,0
22,39930.86,43723.95,1.095,685.9,1.2,2,5.3,0.4047,14602.75,rent,salaried,no,car,1
56,57267.63,20852.63,0.3641,707.0,7.3,1,6.2,0.9773,16414.92,mortgage,unemployed,no,education,1
66,33990.2,9423.74,0.2772,685.4,5.8,2,8.3,0.4043,42424.43,rent,self_employed,yes,consumer,1
60,67456.99,5603.54,0.0831,665.7,9.3,0,2.4,0.6264,24041.74,mortgage,salaried,yes,consumer,0
36,57085.25,23525.41,0.4121,568.0,15.9,0,3.4,0.5495,50163.04,mortgage,salaried,no,education,0
45,116327.81,12869.26,0.1106,587.9,8.8,2,4.9,0.5448,22188.77,mortgage,salaried,no,car,0
68,22093.37,24959.24,1.1297,563.7,2.6,2,8.8,0.4651,8193.05,mortgage,salaried,no,home_improvement,1
42,66875.51,2565.96,0.0384,653.9,0.9,1,8.3,0.218,9247.4,own,salaried,yes,consumer,0
62,67176.12,30283.0,0.4508,682.4,16.1,3,7.5,0.01,18924.11,own,salaried,no,consumer,1
49,38266.62,9278.02,0.2425,556.3,10.2,1,5.4,0.7392,0.0,rent,salaried,no,home_improvement,0
45,65286.06,22555.57,0.3455,670.4,9.8,1,8.6,0.3405,10875.15,rent,self_employed,no,car,1
50,81470.26,17940.36,0.2202,599.4,5.7,1,5.4,0.0779,11208.03,rent,unemployed,no,consumer,0
32,,42620.67,0.6525,584.8,8.9,1,7.2,0.562,21596.85,rent,unemployed,yes,consumer,1
42,96227.11,24057.87,0.25,618.1,2.4,1,8.0,0.5579,47127.27,rent,self_employed,no,car,0
36,12000.0,45345.66,1.5,581.0,9.5,0,10.0,0.6313,18822.25,own,salaried,no,car,1
58,42786.4,28728.91,0.6714,710.5,1.4,1,5.6,0.7043,0.0,own,salaried,no,home_improvement,0
51,98401.35,39104.87,0.3974,652.4,5.6,1,4.8,0.277,4291.39,rent,salaried,yes,education,0
40,84888.63,19494.42,0.2296,726.1,4.2,1,9.0,0.2863,21934.32,mortgage,salaried,no,education,0
62,75972.28,26146.04,0.3442,631.7,0.0,2,9.2,0.4031,19394.92,mortgage,self_employed,no,car,1
43,92597.17,36623.72,0.3955,634.6,5.7,1,4.4,0.6425,42366.83,rent,self_employed,no,consumer,1
68,17002.61,32859.52,1.5,805.5,2.8,1,3.0,0.0284,32401.16,own,self_employed,no,car,1
51,82094.66,28371.92,0.3456,543.3,6.4,2,8.8,0.4969,31951.73,own,salaried,no,car,0
65,88544.88,18064.78,0.204,761.3,7.5,0,1.6,0.6657,14743.0,own,salaried,no,car,0
70,47191.2,20094.68,0.4258,789.1,16.7,2,1.5,0.6571,34486.82,mortgage,unemployed,yes,car,1
37,126101.69,35651.94,0.2827,722.4,9.1,2,5.1,0.6188,4561.15,rent,salaried,no,consumer,0
34,67712.38,38150.93,0.5634,640.2,9.2,1,5.8,0.6932,32524.41,rent,salaried,no,home_improvement,0
62,12000.0,14885.65,1.2405,772.0,10.1,3,2.9,0.01,13763.72,own,salaried,no,car,0
32,72150.53,13074.89,0.1812,640.9,12.0,1,6.1,0.8088,0.0,rent,self_employed,yes,consumer,0
58,45723.36,11150.39,0.2439,612.1,9.9,1,6.2,0.5394,26898.55,mortgage,salaried,no,consumer,0
29,90959.89,31956.41,0.3513,635.9,9.0,1,4.3,0.7503,38963.15,rent,salaried,no,consumer,1
64,76150.66,10846.3,0.1424,622.2,11.2,0,10.6,0.2233,11900.97,mortgage,self_employed,no,consumer,0
55,48649.87,31811.24,0.6539,,0.0,0,6.6,0.1017,41441.43,rent,unemployed,yes,education,1
47,99058.85,28548.28,0.2882,748.3,18.4,1,8.3,0.8451,0.0,mortgage,salaried,no,consumer,0
43,85546.83,15458.9,0.1807,607.0,15.8,2,1.9,0.2754,48.1,mortgage,self_employed,yes,consumer,0
52,43129.92,40766.31,0.9452,662.8,8.6,1,1.8,0.4047,15799.11,rent,salaried,no,consumer,1
40,59350.92,4452.89,0.075,556.7,0.2,0,6.7,0.5808,12438.54,rent,self_employed,no,car,0
40,75406.0,41914.39,0.5558,667.3,13.8,0,10.1,0.6323,7993.0,mortgage,salaried,no,education,0
31,54257.68,25826.63,0.476,578.3,3.9,2,3.0,0.6965,20005.17,mortgage,self_employed,no,education,1
28,54974.41,1500.0,0.03,576.5,10.3,3,5.9,0.5169,10071.14,own,self_employed,no,car,1
65,63881.4,41102.56,0.6434,656.8,0.8,2,2.4,0.2486,12615.38,own,salaried,no,education,0
58,37420.83,33666.55,0.8997,744.3,19.1,1,3.7,0.6184,22176.38,mortgage,salaried,no,car,1
43,12000.0,16861.46,1.4051,698.0,0.0,2,6.0,0.6217,7986.95,mortgage,self_employed,no,education,0
62,68739.24,10423.35,0.1516,703.2,7.9,0,4.3,0.0888,16409.73,mortgage,salaried,yes,car,1
51,15266.4,3171.2,0.2077,655.3,0.0,3,2.2,0.7679,8316.91,mortgage,self_employed,yes,home_improvement,1
50,39167.07,50985.35,1.3017,639.8,7.3,0,2.2,0.01,0.0,mortgage,salaried,no,consumer,1
26,20482.02,10919.42,0.5331,724.3,5.3,0,1.0,0.6872,29455.53,rent,salaried,no,car,0
47,23437.33,6836.94,0.2917,622.8,13.4,1,6.7,0.3368,43616.92,mortgage,,no,consumer,0
26,73232.52,25215.03,0.3443,727.6,5.3,1,7.0,0.6182,33968.58,mortgage,salaried,no,consumer,0
55,57664.6,2345.28,0.0407,757.7,13.4,0,7.0,0.5771,22975.74,rent,self_employed,no,education,1
24,56798.39,10221.42,0.18,601.9,2.2,2,3.2,0.4622,8377.07,mortgage,salaried,no,consumer,0
46,31418.36,33939.63,1.0802,612.9,6.0,0,8.0,0.5647,13696.22,rent,salaried,yes,car,1
39,47259.62,27570.53,0.5834,624.1,6.1,2,7.3,0.4518,33855.32,mortgage,salaried,no,consumer,0
27,72034.92,17363.56,0.241,555.0,10.1,1,5.5,0.6199,0.0,mortgage,salaried,no,education,1
44,61749.91,22219.68,0.3598,629.8,9.4,2,5.1,0.9289,12551.1,rent,self_employed,no,consumer,0
31,82744.18,16690.35,0.2017,762.6,11.3,1,3.9,0.1883,29011.74,rent,salaried,no,education,0
33,86162.21,21256.03,0.2467,586.6,8.9,1,6.0,0.01,925.79,mortgage,salaried,no,car,0
65,56946.72,12858.26,0.2258,764.4,10.9,0,9.5,0.3827,24350.82,rent,unemployed,no,consumer,0
38,18546.02,15037.13,0.8108,632.5,2.8,1,8.3,0.3684,23654.84,rent,salaried,no,car,1
41,44840.52,14671.86,0.3272,823.6,9.5,2,4.9,0.3907,0.0,mortgage,salaried,no,car,0
21,60655.46,13289.67,0.2191,613.9,15.9,0,6.8,0.2754,19304.67,rent,unemployed,no,education,1
36,44364.31,34526.93,0.7783,654.2,0.0,0,2.7,0.6532,,mortgage,self_employed,yes,consumer,1
38,37689.02,31241.41,0.8289,596.7,10.0,0,7.3,0.1799,24241.48,rent,salaried,no,consumer,0
56,64674.05,10811.64,0.1672,613.4,11.0,0,3.4,0.5647,28046.83,rent,unemployed,no,consumer,0
26,121327.27,7667.27,0.0632,765.4,15.1,0,7.2,0.6041,23984.08,rent,salaried,no,consumer,0
67,51283.49,20112.68,0.3922,700.6,11.3,0,12.9,0.5365,19088.88,own,salaried,no,home_improvement,1
27,62932.66,47863.45,0.7606,742.2,8.0,1,4.1,0.5723,22333.07,mortgage,salaried,no,car,0
53,31511.14,9667.54,0.3068,566.3,9.7,0,12.8,0.6693,359.02,rent,unemployed,no,consumer,1
21,92841.63,20065.31,0.2161,714.1,3.7,0,6.7,0.4812,17538.72,rent,salaried,no,car,0
61,83993.83,23064.64,0.2746,592.1,5.5,0,3.6,0.3972,6052.75,mortgage,self_employed,yes,car,0
55,82337.62,20696.29,0.2514,564.7,0.6,0,3.5,0.5721,33473.08,mortgage,salaried,no,consumer,0
62,95635.1,16501.48,0.1725,682.9,15.2,0,11.4,0.5961,28248.57,rent,salaried,no,home_improvement,0
67,52743.81,35860.96,0.6799,682.1,9.8,2,6.7,0.6568,28206.02,rent,self_employed,no,consumer,1
62,55741.97,27453.5,0.4925,669.0,2.7,0,4.1,0.1104,43702.37,mortgage,unemployed,no,car,1
52,104037.08,32149.66,0.309,718.8,8.9,1,5.0,0.4315,,mortgage,salaried,no,consumer,1
62,78185.47,29072.56,0.3718,730.5,13.5,0,6.6,0.2463,9764.89,mortgage,salaried,yes,car,1
25,12000.0,32727.38,1.5,775.2,12.7,4,5.5,0.5878,12695.96,mortgage,self_employed,no,consumer,1
53,73915.7,41012.87,0.5549,575.7,2.7,1,6.4,0.6226,0.0,mortgage,salaried,yes,car,0
70,49039.25,37972.53,0.7743,777.7,0.0,2,9.9,0.4124,0.0,mortgage,salaried,yes,car,1
39,84556.12,49897.65,0.5901,806.2,9.6,0,2.7,0.3169,27316.55,mortgage,salaried,no,education,0
69,72796.57,36608.1,0.5029,637.5,2.9,1,7.1,0.5954,0.0,mortgage,unemployed,yes,home_improvement,1
46,21226.97,13966.64,0.658,539.9,10.7,1,5.3,0.442,1876.31,rent,salaried,no,education,1
44,,32167.74,0.4632,561.2,12.4,1,4.3,0.7696,16474.2,own,salaried,no,car,1
36,68055.07,30525.22,0.4485,630.4,13.3,1,8.2,0.8423,11816.59,rent,salaried,no,education,1
26,71723.1,45043.54,0.628,816.1,16.6,0,1.8,0.6801,31284.79,mortgage,salaried,yes,consumer,0
64,76812.69,10394.1,0.1353,666.3,13.9,1,1.0,0.5189,18906.92,mortgage,salaried,no,education,1
57,98903.18,28695.41,0.2901,618.7,16.6,0,6.1,0.8534,6022.97,own,salaried,no,consumer,0
41,72933.34,13827.16,0.1896,613.6,14.7,1,5.2,0.5206,32574.5,rent,salaried,no,car,0
69,63549.56,28150.54,0.443,565.8,15.1,2,2.1,0.3694,28931.87,own,salaried,yes,education,1
30,90551.22,19423.04,0.2145,730.6,7.3,4,1.2,0.3282,0.0,rent,salaried,no,car,0
59,116825.78,27753.63,0.2376,658.1,0.8,1,10.3,0.3223,21784.0,rent,unemployed,no,car,0
43,84961.7,5075.94,0.0597,822.5,20.4,0,6.7,0.4687,7273.85,own,salaried,no,consumer,0
52,67948.95,31518.72,0.4639,712.1,7.8,1,5.5,0.5672,6878.43,rent,salaried,no,car,1
22,73380.73,24472.71,0.3335,727.2,13.9,1,11.0,0.1728,46042.72,mortgage,salaried,no,consumer,0
51,69145.05,23826.31,,646.8,4.6,1,8.1,0.3757,19864.07,mortgage,salaried,no,car,1
54,63444.44,45402.74,0.7156,583.2,12.5,0,9.9,0.5147,14736.92,own,self_employed,no,education,1
69,114964.1,17410.2,0.1514,599.5,0.0,0,2.6,0.6052,19274.27,mortgage,self_employed,no,car,0
38,45022.72,26107.19,0.5799,562.3,5.4,3,2.5,0.4646,31113.6,rent,self_employed,no,consumer,0
24,90717.74,23203.25,0.2558,733.3,7.0,3,7.0,0.5213,7475.93,mortgage,salaried,no,car,0
24,59979.43,24376.47,0.4064,636.1,9.9,1,6.5,0.2099,10037.25,rent,unemployed,no,consumer,0
28,27469.94,48661.65,1.5,736.4,13.1,1,8.6,0.2785,,mortgage,salaried,no,consumer,1
35,58480.37,22765.69,0.3893,675.2,1.8,2,1.4,0.4572,0.0,mortgage,salaried,yes,education,1
62,49877.38,15192.64,0.3046,643.0,10.9,1,7.3,0.5772,32861.58,mortgage,salaried,no,car,0
30,76861.86,44450.83,0.5783,577.3,13.9,2,8.0,0.5186,,mortgage,salaried,yes,car,1
28,65191.21,18307.73,0.2808,687.6,19.7,2,7.8,0.2917,,mortgage,salaried,no,car,0
22,38471.36,2737.86,0.0712,648.6,11.2,2,4.5,0.4203,0.0,mortgage,salaried,no,car,0
40,98304.19,13109.88,0.1334,732.7,5.1,1,6.8,0.7875,2156.23,own,self_employed,no,consumer,0
51,89163.22,7040.95,0.079,611.3,0.9,3,3.6,0.5843,37465.0,rent,,no,consumer,1
35,101065.33,1500.0,0.03,711.2,17.0,0,4.8,0.4359,33666.87,rent,salaried,yes,consumer,0
45,68687.15,17643.82,0.2569,788.1,11.3,2,2.9,0.2546,35269.83,mortgage,salaried,no,education,0
33,62142.41,21157.41,0.3405,685.4,7.4,0,3.6,0.3202,0.0,rent,salaried,yes,consumer,0
61,79885.45,36166.33,0.4527,723.9,0.0,2,4.9,0.4714,2234.16,mortgage,self_employed,no,consumer,1
22,49140.6,29552.82,0.6014,707.9,2.7,0,4.3,0.5279,23098.09,mortgage,salaried,yes,car,0
31,66121.43,29006.01,0.4387,807.4,10.8,0,3.6,0.5888,28729.76,mortgage,salaried,no,consumer,0
49,58783.73,11281.48,0.1919,692.9,9.3,1,2.3,0.5515,6007.29,rent,salaried,no,consumer,1
63,27935.18,32619.2,1.1677,717.5,0.0,2,10.4,0.3923,9316.18,rent,salaried,no,consumer,1
41,66058.93,38694.79,0.5858,662.3,10.8,1,4.2,0.3627,1029.79,rent,salaried,yes,education,1
24,52416.79,26734.85,0.51,606.9,0.0,1,6.3,0.8999,42873.68,rent,self_employed,no,consumer,0
48,57178.75,27070.21,0.4734,574.4,14.5,2,1.1,0.3531,10875.66,rent,self_employed,no,consumer,0
34,71730.84,6823.69,0.0951,760.0,8.6,0,8.9,0.1987,18469.38,mortgage,unemployed,no,education,0
36,93540.8,34653.23,0.3705,589.4,5.1,1,5.9,0.1259,19254.67,rent,salaried,no,car,1
67,42629.52,43369.97,1.0174,720.9,12.6,0,4.4,0.3958,34584.31,mortgage,salaried,no,education,0
68,54922.6,25875.43,0.4711,696.2,9.3,3,4.4,0.6674,3713.0,own,self_employed,no,consumer,1
33,44638.02,14867.71,0.3331,733.8,14.4,0,7.7,0.3491,35523.91,rent,salaried,no,education,0
50,43075.67,20056.06,0.4656,626.4,7.9,1,1.0,0.7803,0.0,own,salaried,no,home_improvement,1
48,48730.35,16954.95,0.3479,605.7,8.2,2,3.4,0.4685,35485.8,rent,self_employed,no,home_improvement,0
69,58285.19,17674.6,0.3032,693.4,6.0,0,5.2,0.703,0.0,mortgage,salaried,no,home_improvement,1
68,77060.92,29775.8,0.3864,643.1,8.9,0,5.2,0.3109,16431.67,own,salaried,no,car,0
38,70690.7,25353.57,0.3587,572.7,16.3,4,11.8,0.3141,,mortgage,salaried,no,consumer,0
22,37635.43,34047.24,0.9047,810.4,4.9,2,4.7,0.4891,28458.84,rent,salaried,yes,home_improvement,1
21,94059.85,26450.83,0.2812,605.6,10.9,1,8.0,0.5713,24318.63,rent,salaried,yes,consumer,0
21,,11630.94,0.1358,590.5,2.9,1,10.0,0.4324,2273.77,rent,salaried,yes,car,0
60,41371.54,15991.7,0.3865,646.8,0.0,3,7.2,0.5314,6977.98,own,salaried,no,home_improvement,0
57,92378.66,15245.91,0.165,759.0,8.6,0,3.8,0.5936,38165.94,rent,self_employed,no,consumer,0
62,70846.52,19762.36,0.2789,502.5,9.4,1,2.3,0.1717,25085.09,mortgage,unemployed,no,consumer,1
27,59245.07,43536.56,0.7349,752.7,6.9,0,7.4,0.3984,31353.74,rent,unemployed,no,home_improvement,0
23,71593.92,45458.8,0.635,596.6,0.0,1,9.6,0.3611,19106.91,rent,self_employed,no,home_improvement,0
29,62381.5,32039.21,0.5136,684.8,9.1,2,6.9,0.3713,13774.03,rent,salaried,no,consumer,0
52,76081.89,23425.17,0.3079,614.3,8.9,2,8.6,0.5554,29499.92,rent,salaried,yes,education,0
21,67495.57,5660.17,0.0839,814.4,2.9,0,12.0,0.364,21890.3,mortgage,salaried,no,consumer,0
54,54901.77,24640.1,0.4488,674.3,0.5,1,7.6,0.0489,15450.6,rent,salaried,no,consumer,0
65,14380.16,12519.91,0.8706,611.9,6.2,2,2.7,0.4203,0.0,mortgage,self_employed,yes,consumer,1
28,75652.38,41566.26,0.5494,642.4,10.9,0,5.6,0.2465,32308.62,mortgage,salaried,no,car,0
57,54032.27,2726.73,0.0505,671.7,9.7,1,8.9,0.5742,24600.39,rent,unemployed,no,consumer,0
48,81670.72,26613.81,0.3259,678.3,2.9,0,4.9,0.6392,8906.07,mortgage,salaried,no,consumer,0
68,74560.2,11509.13,0.1544,697.9,8.2,0,9.3,0.0133,35688.79,mortgage,salaried,yes,home_improvement,0
33,54656.06,21885.82,0.4004,664.9,12.1,0,5.3,0.3074,21657.19,mortgage,self_employed,no,home_improvement,0
32,87551.72,29992.82,0.3426,561.7,1.4,1,6.3,0.5442,21950.98,rent,salaried,no,car,0
21,67916.2,34263.62,0.5045,639.5,7.8,1,4.6,0.1741,31258.43,rent,self_employed,no,consumer,1
56,66927.43,21271.72,0.3178,710.5,14.5,1,5.9,0.6344,28030.6,mortgage,self_employed,no,consumer,0
64,59685.34,31134.6,0.5216,614.8,0.9,0,6.0,0.6904,22405.12,own,self_employed,no,consumer,1
21,103405.34,14050.36,0.1359,715.5,13.5,3,1.5,0.436,15171.22,rent,self_employed,no,education,1
45,45881.6,24946.46,0.5437,667.4,15.9,1,4.4,0.3075,,rent,salaried,no,consumer,0
57,55255.81,34026.49,0.6158,648.7,6.3,1,2.4,0.01,6992.99,rent,salaried,yes,consumer,1
60,33303.96,25985.19,0.7802,754.6,5.7,1,4.5,0.6409,29189.58,mortgage,self_employed,no,consumer,0
67,80441.55,15647.88,0.1945,534.6,12.9,0,3.5,0.8905,16742.11,rent,salaried,no,home_improvement,0
57,49028.42,18651.49,0.3804,,6.5,0,8.0,0.8471,24820.7,own,salaried,no,home_improvement,0
67,51719.15,34187.87,0.661,757.4,0.0,0,8.1,0.4291,,rent,salaried,no,consumer,1
70,50593.52,8897.86,0.1759,802.3,7.0,2,6.9,0.2405,,own,salaried,no,home_improvement,0
67,64505.33,10668.22,0.1654,836.4,9.9,0,2.3,0.6459,27027.55,rent,salaried,no,consumer,1
42,32981.77,29219.07,0.8859,668.8,11.3,0,5.3,0.4434,21983.36,rent,unemployed,no,home_improvement,0
41,12000.0,16730.28,1.3942,699.3,2.9,0,2.1,0.5704,8380.48,rent,salaried,no,home_improvement,1
42,73984.9,4563.3,0.0617,726.3,6.1,1,5.1,0.5336,36871.48,rent,salaried,no,consumer,0
68,12274.62,38209.82,1.5,760.6,12.6,4,7.1,0.4895,28667.82,own,salaried,no,education,1
35,83499.31,8804.8,0.1054,688.5,7.2,1,8.0,0.686,11481.75,mortgage,salaried,no,education,0
58,100404.67,19606.84,0.1953,734.5,0.0,1,6.7,0.6938,34553.91,rent,salaried,no,consumer,0
52,59058.63,14565.75,0.2466,699.5,13.9,1,8.6,0.3602,5528.71,own,self_employed,yes,consumer,1
24,94187.83,18427.8,0.1956,704.2,6.4,1,6.1,0.2761,17565.99,rent,salaried,no,consumer,1
45,62417.85,11384.57,0.1824,596.1,13.2,0,4.9,0.01,11561.64,rent,salaried,yes,consumer,1
30,101381.79,30571.35,0.3015,640.3,0.2,0,7.7,0.3973,29269.68,rent,salaried,no,consumer,1
57,52050.77,23329.88,0.4482,625.8,6.9,1,7.8,0.2404,10804.75,mortgage,salaried,yes,car,1
43,12000.0,33803.84,1.5,575.8,10.2,2,4.2,0.558,29377.25,own,self_employed,no,education,1
38,61082.12,14689.98,0.2405,541.1,7.0,3,6.4,0.3995,26916.9,rent,unemployed,no,consumer,1
24,103991.12,47596.26,0.4577,633.2,1.3,1,4.8,0.4222,12371.26,mortgage,self_employed,no,car,0
27,75839.24,1500.0,0.03,645.2,0.0,3,1.0,0.6405,45445.76,rent,self_employed,no,home_improvement,1
59,50632.24,2978.38,0.0588,672.9,15.4,2,6.6,0.5534,6821.48,rent,salaried,no,home_improvement,1
64,70893.63,43037.02,0.6071,706.7,8.8,2,2.3,0.4455,0.0,mortgage,unemployed,no,car,1
35,86307.0,27688.5,0.3208,679.1,13.6,0,6.3,0.8241,30841.49,mortgage,salaried,yes,consumer,0
62,60945.21,26096.63,0.4282,645.7,12.3,1,1.7,0.625,0.0,mortgage,self_employed,yes,home_improvement,0
48,126033.36,27175.3,0.2156,596.4,10.6,1,3.7,0.3827,40377.25,rent,salaried,no,home_improvement,0
38,50581.97,28854.49,0.5705,730.8,5.8,2,4.4,0.392,19526.31,rent,salaried,yes,consumer,1
43,87060.26,25597.21,0.294,657.4,10.0,2,8.5,0.6356,0.0,mortgage,salaried,no,home_improvement,0
55,81286.49,10409.15,,632.5,14.9,1,4.2,0.5126,3773.03,mortgage,salaried,no,consumer,1
66,46204.14,31818.29,0.6886,651.0,7.9,1,2.8,0.2346,0.0,rent,salaried,no,education,0
45,52813.43,29928.14,0.5667,610.0,17.4,2,6.4,0.6579,23743.24,rent,salaried,no,consumer,0
38,87434.37,39141.17,0.4477,625.2,0.0,1,5.0,0.734,0.0,mortgage,unemployed,yes,consumer,0
59,66474.91,43170.89,0.6494,622.8,0.0,0,7.5,0.7181,25531.34,rent,salaried,yes,home_improvement,1
47,71113.72,25965.71,0.3651,643.4,12.6,3,3.0,0.794,13427.64,mortgage,salaried,yes,education,1
40,23736.78,7269.41,0.3063,714.2,3.2,0,6.0,0.9045,10869.54,mortgage,salaried,no,car,0
43,78743.97,43270.28,0.5495,695.5,18.1,0,11.7,0.8333,25640.19,rent,salaried,no,consumer,1
47,69895.12,9782.2,0.14,781.0,14.5,1,4.9,0.5415,,mortgage,salaried,no,home_improvement,0
28,61466.16,26055.57,0.4239,755.9,15.8,2,6.0,0.4262,35187.04,mortgage,salaried,no,consumer,0
23,71661.4,18919.19,0.264,811.7,12.1,2,1.3,0.0858,8493.32,mortgage,salaried,yes,car,0
54,53178.78,16832.5,0.3165,706.9,2.7,2,3.4,0.4723,17552.86,own,salaried,no,home_improvement,0
29,48794.34,31171.6,0.6388,705.7,0.0,3,6.6,0.579,8470.09,mortgage,salaried,yes,consumer,1
47,57194.75,24933.52,0.4359,628.4,15.3,0,4.7,0.4791,20444.81,rent,salaried,no,home_improvement,0
60,51859.12,28158.9,0.543,727.0,0.0,1,7.0,0.0735,6325.65,rent,self_employed,no,home_improvement,0
31,115332.71,12211.76,0.1059,615.8,15.7,0,6.6,0.4098,11638.55,mortgage,self_employed,no,education,0
40,84884.9,19911.1,0.2346,554.7,11.0,1,2.2,0.6055,11714.99,rent,salaried,no,home_improvement,1
69,39756.75,12765.58,0.3211,779.5,7.1,2,8.0,0.2546,22400.41,mortgage,self_employed,no,car,0
22,111871.1,19611.14,0.1753,571.3,9.8,1,2.4,0.5048,18044.32,rent,unemployed,yes,home_improvement,0
58,52611.44,20574.85,0.3911,697.9,9.9,0,3.6,0.5606,25594.52,rent,salaried,no,education,0
29,63706.93,44131.65,0.6927,599.0,6.4,1,6.1,0.7048,16395.05,rent,salaried,no,consumer,1
66,84538.01,18887.34,0.2234,749.5,14.9,1,9.4,0.8296,9303.71,own,salaried,no,car,0
41,15720.27,1500.0,0.0954,759.7,14.7,1,3.0,0.3907,20869.24,mortgage,salaried,no,education,0
21,,38741.1,0.676,704.7,8.3,1,5.9,0.5086,4242.24,mortgage,self_employed,no,home_improvement,0
56,49239.99,27391.11,0.5563,758.5,4.4,1,5.9,0.5152,26537.37,rent,self_employed,yes,car,1
28,67921.92,20427.87,0.3008,665.6,14.3,2,7.1,0.6064,13718.02,own,,no,education,0
39,71881.19,16753.42,0.2331,832.6,0.0,2,8.5,0.5829,21067.79,own,salaried,yes,home_improvement,0
46,61145.78,10636.89,0.174,721.0,9.8,2,4.5,0.7693,21300.36,rent,self_employed,no,car,0
58,60032.46,45256.58,0.7539,597.5,11.3,4,8.0,0.01,42023.18,mortgage,salaried,no,consumer,1
41,88563.15,22622.14,0.2554,670.2,3.2,0,8.8,0.5578,23723.76,own,salaried,no,home_improvement,0
63,70235.66,1500.0,0.03,653.6,12.6,2,10.0,0.5724,19098.28,rent,salaried,no,consumer,0
45,63994.2,25932.88,0.4052,646.2,7.4,0,6.8,0.4206,7614.44,rent,self_employed,no,education,0
38,66548.89,36474.06,0.5481,540.7,4.7,0,5.9,0.01,30035.78,mortgage,self_employed,no,consumer,1
37,107061.34,23877.22,0.223,694.0,12.5,0,4.3,0.4572,13946.92,rent,salaried,no,consumer,0
61,67144.18,11180.88,0.1665,561.1,1.9,1,1.9,0.3208,0.0,mortgage,self_employed,no,education,0
54,50653.24,10107.11,0.1995,475.6,12.0,2,4.8,0.8224,15073.68,mortgage,salaried,no,consumer,1
27,17184.02,10992.17,0.6397,639.2,0.0,1,5.8,0.5488,20872.35,rent,salaried,no,car,0
58,28585.5,40259.9,1.4084,,9.0,1,5.2,0.3029,5722.41,rent,self_employed,no,education,1
41,51791.38,21140.03,0.4082,600.4,7.7,0,7.0,0.0389,16227.3,mortgage,unemployed,no,car,0
38,60398.96,1855.31,0.0307,432.3,4.7,2,1.9,0.594,16927.76,rent,salaried,no,home_improvement,0
25,49665.08,26609.61,0.5358,601.2,9.5,1,5.0,0.6162,17161.38,rent,salaried,no,car,1
70,71427.46,23692.44,0.3317,652.0,7.1,0,10.5,0.4247,36519.63,rent,unemployed,no,car,0
23,49355.81,16613.25,0.3366,617.4,13.0,0,8.0,0.5968,0.0,mortgage,salaried,no,home_improvement,1
70,41052.26,9755.12,0.2376,694.1,10.4,3,7.0,0.3969,48507.04,rent,,no,car,0
24,77703.45,9233.26,0.1188,769.4,9.9,2,6.5,0.6941,17507.47,rent,salaried,no,home_improvement,0
46,95865.47,35039.61,0.3655,703.7,9.0,3,4.6,0.6785,26703.17,mortgage,salaried,no,home_improvement,0
26,36427.98,24970.15,0.6855,742.0,5.0,1,1.1,0.1258,19917.54,rent,salaried,no,consumer,0
45,68849.18,27743.72,0.403,,5.9,2,6.6,0.177,0.0,mortgage,salaried,no,car,0
62,17279.89,24937.11,1.4431,588.6,8.8,0,1.0,0.8966,2151.34,rent,salaried,no,education,1
50,27611.08,25932.26,0.9392,697.9,6.6,1,4.7,0.6658,10135.86,mortgage,salaried,no,education,0
48,48869.62,16379.26,0.3352,739.6,13.3,2,5.5,0.2049,32905.8,rent,salaried,yes,car,0
26,90237.85,19530.05,0.2164,632.3,8.0,3,4.4,0.1402,0.0,rent,salaried,no,consumer,0
68,44311.06,35978.94,0.812,605.7,9.5,1,10.9,0.5136,5163.94,rent,salaried,no,car,1
39,43413.59,38975.08,0.8978,704.8,0.2,2,10.1,0.2301,20472.76,own,salaried,no,consumer,1
47,63866.09,7334.9,0.1148,553.9,12.4,0,8.1,0.4035,25092.85,mortgage,self_employed,no,car,0
65,63890.01,19500.89,0.3052,583.4,4.5,1,3.2,0.4601,24640.81,rent,unemployed,no,car,1
52,44156.84,32071.42,0.7263,615.0,2.1,0,10.3,0.451,3239.92,rent,salaried,no,education,1
57,110669.32,44584.96,0.4029,698.8,16.1,0,7.0,0.7066,0.0,rent,self_employed,no,car,1
30,56631.28,43383.51,0.7661,681.4,11.1,1,3.1,0.8553,26085.89,rent,self_employed,no,consumer,0
44,65726.04,12450.91,0.1894,742.4,12.6,3,5.6,0.3694,39496.86,rent,salaried,no,consumer,0
48,53357.29,37300.55,0.6991,595.9,9.9,1,7.9,0.2326,12820.48,own,unemployed,yes,car,1
29,73559.32,22703.64,0.3086,591.8,7.0,1,4.0,0.5517,829.7,rent,salaried,yes,consumer,1
40,92638.98,34533.0,0.3728,704.3,6.0,0,5.9,0.8126,11551.8,own,salaried,no,car,1
62,102927.93,31459.34,0.3056,605.1,11.6,0,6.3,0.3853,23910.94,rent,salaried,yes,home_improvement,0
67,44705.62,6832.43,0.1528,619.7,13.4,1,2.7,0.6486,14502.85,mortgage,salaried,yes,car,1
62,89419.08,28599.69,0.3198,525.7,7.1,0,4.8,0.2942,39107.9,rent,self_employed,no,consumer,1
67,76192.34,34068.36,0.4471,686.8,18.3,1,2.9,0.4745,31874.56,rent,self_employed,no,car,1
70,86388.88,21758.14,0.2519,780.6,6.5,1,7.7,0.226,20765.07,mortgage,salaried,no,car,0
30,60794.9,19044.2,0.3133,587.8,0.3,1,3.2,0.4723,0.0,rent,salaried,no,consumer,0
63,58511.02,3140.03,0.0537,741.6,0.0,0,6.2,0.4455,7616.05,own,unemployed,no,education,0
52,85457.15,30203.41,0.3534,660.5,0.0,2,2.0,0.5977,9779.67,mortgage,unemployed,yes,consumer,1
63,85912.62,24504.98,0.2852,532.6,5.3,1,2.7,0.8434,6800.76,own,salaried,yes,consumer,0
52,100577.29,10933.79,0.1087,597.9,6.3,0,2.5,0.3883,20862.32,mortgage,salaried,no,education,0
27,67765.14,18089.92,0.267,593.3,11.0,1,4.8,0.0501,21171.63,rent,salaried,no,home_improvement,0
49,60434.05,23854.04,0.3947,641.3,7.4,2,6.0,0.4276,0.0,rent,salaried,no,education,0
59,12000.0,15296.37,1.2747,696.5,11.9,2,6.4,0.5329,30068.97,mortgage,self_employed,yes,home_improvement,1
27,24329.75,22032.13,0.9056,803.7,7.7,2,1.1,0.5124,18241.86,rent,self_employed,no,consumer,0
46,53537.96,1500.0,0.03,557.7,7.6,2,5.1,0.4369,23364.62,mortgage,unemployed,no,car,1
53,36574.59,38193.06,1.0443,628.6,4.5,3,3.6,0.7824,29172.4,rent,salaried,no,education,1
44,82539.13,22190.91,0.2689,597.8,14.9,0,6.8,0.4986,6495.45,mortgage,unemployed,no,consumer,1
60,31559.5,8807.76,0.2791,569.9,0.0,1,4.8,0.448,36883.59,rent,unemployed,no,consumer,1
27,50968.7,1500.0,0.03,672.2,9.1,2,5.3,0.3067,15873.1,rent,self_employed,no,consumer,0
38,51911.36,34349.62,,665.1,6.6,0,3.6,0.1032,40688.21,own,unemployed,no,car,0
68,91913.83,28697.1,0.3122,529.0,11.6,1,9.8,0.5391,4591.01,own,salaried,yes,education,0
46,48402.27,24528.23,0.5068,666.4,7.4,0,2.3,0.5215,39573.7,rent,salaried,no,consumer,0
30,73857.89,32363.78,0.4382,574.6,7.5,0,4.5,0.2475,4440.24,rent,salaried,no,home_improvement,1
26,67696.95,32330.78,0.4776,665.9,6.1,0,5.8,0.4607,56231.72,mortgage,salaried,no,car,0
50,84678.92,24333.26,0.2874,760.2,14.7,2,4.9,0.4398,3722.49,rent,salaried,no,home_improvement,0
67,83405.16,18949.43,0.2272,699.7,7.5,2,3.6,0.3389,33848.8,mortgage,self_employed,no,consumer,0
23,62197.44,16994.3,0.2732,678.3,17.7,0,1.0,0.3034,12564.09,mortgage,salaried,yes,consumer,0
26,22288.93,27051.3,1.2137,625.3,8.9,0,3.8,0.5551,28725.34,rent,salaried,no,consumer,1
39,57438.22,38764.38,0.6749,670.0,7.6,0,3.1,0.4226,17392.12,rent,salaried,no,education,0
31,62521.06,20765.16,0.3321,707.2,6.7,3,9.7,0.3459,1631.54,rent,self_employed,no,education,0
27,69864.22,39717.73,0.5685,699.8,10.4,3,11.2,0.289,0.0,rent,unemployed,no,consumer,0
35,45298.68,26477.83,0.5845,657.6,4.4,0,5.4,0.4427,,mortgage,salaried,no,home_improvement,0
53,90381.63,26568.29,0.294,681.3,8.3,2,2.0,0.6641,19095.36,rent,self_employed,no,consumer,0
62,63326.87,50861.31,0.8032,566.3,7.5,0,7.3,0.5134,0.0,own,unemployed,no,education,1
36,40908.06,41832.14,1.0226,609.9,9.2,1,3.0,0.4202,22539.13,mortgage,self_employed,no,education,0
56,52002.53,42143.31,0.8104,718.1,9.3,0,4.1,0.5348,28343.8,rent,self_employed,no,consumer,0
62,109285.02,12428.64,0.1137,728.2,9.6,2,3.9,0.7565,7273.79,mortgage,salaried,no,consumer,0
21,78945.07,48306.19,0.6119,672.0,8.0,0,4.2,0.573,7374.68,rent,unemployed,no,education,0
63,88162.96,21013.4,0.2383,775.9,15.7,1,4.6,0.5246,17702.37,rent,salaried,no,education,0
30,38001.91,19270.11,0.5071,703.1,9.7,0,2.2,0.6041,36038.91,mortgage,self_employed,no,consumer,0
55,46468.09,1500.0,0.0323,647.5,21.1,2,3.7,0.4368,19499.4,rent,salaried,yes,education,0
58,46645.86,25915.49,0.5556,573.5,7.8,1,8.0,0.5087,39948.38,rent,salaried,no,car,0
63,67425.45,8999.75,0.1335,772.9,12.5,0,5.4,0.3673,34968.29,rent,self_employed,no,consumer,0
41,58823.96,26899.05,0.4573,722.8,3.7,1,5.8,0.1444,14568.23,rent,self_employed,no,education,0
53,51252.13,8061.22,0.1573,799.9,14.8,2,1.0,0.542,0.0,mortgage,self_employed,no,car,1
22,54262.33,43572.4,0.803,827.5,3.8,2,7.9,0.5428,,own,unemployed,no,education,1
43,43943.16,28618.89,0.6513,568.5,9.9,3,3.8,0.4096,25897.24,mortgage,self_employed,yes,car,1
69,58683.86,49358.46,0.8411,568.7,6.1,4,8.3,0.6875,18898.4,own,salaried,no,home_improvement,0
28,89717.17,9723.71,0.1084,450.3,9.9,0,5.9,0.3185,27516.37,mortgage,unemployed,no,consumer,0
28,26684.66,40590.15,1.5,733.9,6.3,1,4.1,0.098,30951.3,rent,salaried,no,education,1
56,71315.51,1500.0,0.03,714.2,3.4,0,1.3,0.3236,25962.88,own,salaried,yes,education,0
46,96122.22,24496.91,0.2549,672.3,6.1,1,10.9,0.1464,13870.07,rent,salaried,no,car,0
43,58603.51,14420.52,0.2461,573.0,15.5,0,7.5,0.541,25798.25,rent,salaried,yes,home_improvement,0
33,50306.98,16624.52,0.3305,658.3,9.9,1,7.7,0.3121,51532.26,own,self_employed,no,consumer,1
29,85181.56,15802.04,0.1855,678.9,0.8,1,10.0,0.6768,0.0,mortgage,self_employed,yes,consumer,0
57,39378.67,11023.41,0.2799,723.7,13.2,1,6.1,0.6724,25309.31,own,salaried,no,education,1
38,62455.4,6883.74,0.1102,685.5,2.9,0,8.9,0.2758,45480.05,rent,self_employed,yes,home_improvement,0
59,38043.74,16690.88,0.4387,714.8,11.4,2,4.3,0.3003,381.15,mortgage,salaried,yes,consumer,1
43,18117.58,23392.34,1.2911,655.7,10.4,0,7.3,0.5822,33016.5,rent,unemployed,yes,car,0
40,59352.38,35964.33,0.6059,753.6,10.7,1,3.9,0.6758,35020.76,rent,salaried,yes,car,1
32,32678.52,25544.2,0.7817,712.4,17.1,1,4.2,0.0473,0.0,own,salaried,no,car,1
53,62719.91,35998.48,0.574,576.0,3.2,1,5.7,0.5292,28685.43,rent,self_employed,no,consumer,0
35,89760.71,4261.88,0.0475,769.2,10.7,0,2.3,0.01,13930.26,mortgage,salaried,no,car,0
66,107502.13,16804.37,0.1563,756.9,14.0,0,6.3,0.3548,17093.31,own,salaried,no,car,0
41,65244.7,30532.06,0.468,699.9,4.2,1,4.7,0.6997,13125.68,own,salaried,no,consumer,1
61,87461.18,26118.29,0.2986,686.1,3.6,1,1.0,0.99,37690.34,rent,,no,consumer,0
44,72575.1,11665.9,0.1607,789.4,6.0,0,4.4,0.4198,16318.18,rent,salaried,no,car,0
41,53805.27,33208.83,0.6172,542.5,9.2,2,4.6,0.2081,11050.3,own,self_employed,yes,consumer,1
43,,15624.72,0.9297,758.1,0.2,0,7.6,0.3622,11304.37,mortgage,salaried,yes,education,0
43,102035.82,12671.64,0.1242,,10.4,0,6.2,0.4839,12885.15,mortgage,self_employed,no,car,0
44,37821.55,27843.37,0.7362,747.1,0.2,1,9.1,0.3292,1806.97,rent,salaried,no,consumer,0
65,96186.5,22074.03,0.2295,674.0,14.2,1,6.8,0.2758,10917.99,rent,salaried,yes,consumer,0
56,75883.38,15725.05,0.2072,571.8,10.2,0,4.1,0.3804,19765.04,own,self_employed,no,home_improvement,0
22,39575.69,15317.58,0.387,627.8,17.4,1,5.4,0.5531,24065.72,mortgage,self_employed,no,consumer,1
23,70487.96,9162.44,0.13,741.6,11.0,1,4.6,0.4344,36060.59,mortgage,self_employed,no,consumer,0
22,114189.87,17251.02,0.1511,649.2,5.9,0,6.7,0.2849,21614.68,rent,self_employed,no,car,0
55,99855.66,35200.11,0.3525,618.4,3.3,0,5.6,0.3293,10882.95,rent,unemployed,no,education,0
31,50694.89,24934.61,0.4919,617.9,8.7,1,3.9,0.3831,2834.4,mortgage,unemployed,no,home_improvement,1
40,45912.46,33503.13,0.7297,713.2,7.3,0,5.5,0.2601,22417.3,own,self_employed,no,consumer,0
62,65404.99,28192.82,0.4311,796.3,13.7,1,6.7,0.3215,16239.44,rent,salaried,yes,home_improvement,0
27,59027.67,14653.05,0.2482,504.4,2.7,0,3.0,0.6052,16735.24,rent,salaried,yes,consumer,1
28,91793.7,2210.3,0.03,850.0,18.0,0,6.3,0.4216,21937.94,mortgage,self_employed,no,car,0
24,,10877.75,0.1347,680.3,14.1,1,1.6,0.1018,25790.84,rent,salaried,yes,education,0
35,22386.2,13945.17,0.6229,708.5,6.4,3,8.3,0.6852,22046.03,rent,salaried,no,car,0
25,74008.21,13017.01,0.1759,632.3,16.8,3,6.8,0.5575,15442.23,mortgage,salaried,no,consumer,0
52,58701.82,33772.24,0.5753,664.7,3.4,3,9.6,0.1795,5979.27,rent,unemployed,no,home_improvement,1
57,63890.6,33647.06,0.5266,679.4,8.6,3,2.7,0.3933,8808.23,mortgage,salaried,no,home_improvement,0
30,68974.63,48542.56,0.7038,586.3,0.9,1,8.3,0.3037,30723.9,rent,self_employed,no,consumer,0
47,91769.5,12835.35,0.1399,604.6,17.1,0,7.8,0.6122,11646.21,mortgage,unemployed,yes,car,0
36,86467.03,41169.38,0.4761,753.8,0.0,1,5.0,0.392,0.0,mortgage,self_employed,no,education,0
25,45006.17,41095.21,0.9131,,0.0,0,4.6,0.4547,35393.62,mortgage,salaried,no,car,0
44,61593.31,19212.83,0.3119,698.1,4.2,4,2.8,0.4303,3864.32,mortgage,self_employed,no,home_improvement,0
55,52235.49,27682.66,0.53,637.2,14.4,0,2.1,0.1592,18528.71,mortgage,self_employed,no,consumer,0
32,22635.7,36888.8,1.5,592.9,12.5,1,3.6,0.7651,25367.45,rent,salaried,no,consumer,0
60,60375.11,21292.9,0.3527,812.9,8.1,1,2.4,0.6091,18048.28,rent,salaried,no,home_improvement,0
70,,20363.3,0.1898,593.4,12.8,0,9.5,0.313,0.0,rent,salaried,no,education,1
23,21910.96,14471.95,0.6605,,6.9,2,1.7,0.5103,23857.32,mortgage,,no,home_improvement,0
29,62422.52,1500.0,0.03,651.0,9.7,2,5.9,0.6746,37896.95,rent,unemployed,no,consumer,1
35,61652.68,22845.66,0.3706,607.4,16.1,2,6.6,0.4817,29797.98,rent,salaried,yes,education,0
63,69905.65,13481.57,0.1929,665.5,6.2,0,6.4,0.7969,0.0,mortgage,unemployed,no,consumer,1
28,39894.6,9095.82,0.228,676.7,3.5,1,6.6,0.99,49908.66,mortgage,salaried,yes,education,1
44,28797.35,27066.3,0.9399,682.6,9.9,1,7.9,0.4435,0.0,rent,self_employed,yes,consumer,1
47,29913.66,4584.25,0.1532,655.7,11.3,1,4.4,0.3477,,mortgage,self_employed,no,car,1
27,94942.41,31672.96,0.3336,612.3,8.1,2,5.7,0.2622,29728.16,mortgage,salaried,no,car,0
23,39415.54,27803.19,0.7054,713.3,12.7,2,4.8,0.01,24792.62,own,unemployed,no,consumer,0
26,51010.51,17197.68,0.3371,656.6,6.5,3,8.8,0.7321,19205.03,mortgage,unemployed,yes,car,0
23,113511.18,21240.28,0.1871,627.8,8.2,2,10.7,0.3958,9458.91,rent,salaried,no,education,1
46,45377.86,7717.35,0.1701,,9.4,3,2.5,0.6538,37962.85,own,self_employed,no,home_improvement,0
67,71217.59,31004.06,0.4353,655.9,9.0,2,1.0,0.6961,17410.11,rent,salaried,no,car,0
38,88531.48,24248.37,0.2739,746.9,15.9,2,6.9,0.243,0.0,rent,salaried,yes,consumer,0
33,87377.28,25142.2,0.2877,757.0,9.4,1,8.2,0.2745,36484.5,rent,salaried,no,consumer,0
32,31042.17,28022.68,0.9027,761.6,5.9,1,10.4,0.8364,21289.27,mortgage,,no,education,0
70,45879.54,14291.02,0.3115,716.8,10.2,1,7.3,0.4553,34725.1,mortgage,salaried,no,home_improvement,0
68,70256.74,3771.3,0.0537,665.0,12.7,2,9.0,0.3313,26588.23,mortgage,salaried,yes,car,0
53,109296.42,33487.82,0.3064,660.2,11.5,2,9.7,0.2505,53874.34,mortgage,unemployed,no,car,0
44,44723.74,30264.62,0.6767,646.7,11.2,4,9.2,0.4403,13350.45,mortgage,salaried,no,car,1
28,51153.29,15575.69,0.3045,502.5,0.0,0,7.7,0.7867,18241.4,rent,self_employed,yes,consumer,1
67,73069.79,26909.32,0.3683,718.9,0.0,0,2.3,0.6139,28797.46,mortgage,salaried,no,education,0
21,77871.8,37095.68,0.4764,683.3,14.1,1,5.5,0.5082,13443.12,mortgage,salaried,yes,car,0
29,79326.1,35664.41,0.4496,726.9,9.8,0,6.3,0.8036,30039.57,mortgage,self_employed,no,consumer,0
54,42687.46,15225.29,0.3567,656.2,7.4,1,5.3,0.7631,0.0,mortgage,salaried,no,consumer,0
30,50230.84,4134.87,0.0823,714.9,11.1,1,5.4,0.5402,16908.25,mortgage,salaried,no,car,0
26,68172.03,6193.42,0.0908,,17.5,0,9.4,0.99,16455.11,mortgage,unemployed,no,car,0
50,93295.47,18259.29,0.1957,577.3,14.9,2,3.6,0.418,15911.77,rent,salaried,yes,car,1
22,57276.38,39547.81,0.6905,479.3,12.5,2,7.5,0.7006,4846.1,own,salaried,no,car,1
34,62464.75,13258.66,0.2123,654.9,2.9,1,6.3,0.3875,31591.84,rent,self_employed,no,consumer,0
53,38377.72,14844.07,0.3868,607.1,3.6,1,3.4,0.6596,10433.33,rent,salaried,no,car,0
30,107717.44,14597.07,0.1355,597.2,0.0,3,2.8,0.4178,21004.12,mortgage,self_employed,no,car,0
58,,15619.23,0.2342,690.1,10.8,1,1.2,0.5669,17442.55,own,salaried,no,car,0
25,88866.11,21865.28,0.246,633.1,13.3,0,6.7,0.9719,25505.46,mortgage,salaried,no,consumer,1
51,63717.53,6639.4,0.1042,557.5,13.7,2,5.3,0.6699,39464.41,mortgage,salaried,yes,consumer,1
24,65046.41,35012.32,0.5383,850.0,11.0,1,3.4,0.5701,20926.56,own,salaried,no,car,0
57,26992.59,20262.15,0.7507,662.2,6.7,1,1.0,0.3073,30620.96,rent,self_employed,yes,consumer,1
58,12000.0,51749.61,1.5,583.8,4.6,0,6.6,0.5095,20173.05,rent,unemployed,no,consumer,1
60,93045.73,7917.15,0.0851,614.8,3.2,0,5.1,0.2583,10409.88,mortgage,self_employed,no,education,0
35,64873.4,41078.39,0.6332,652.0,6.7,0,3.7,0.6563,15876.64,mortgage,salaried,no,car,1
32,67954.27,38696.14,0.5694,651.9,2.4,2,3.1,0.651,13746.86,mortgage,unemployed,no,car,1
69,33022.71,17059.79,0.5166,762.7,16.6,1,4.9,0.4323,26522.43,own,self_employed,no,home_improvement,0
57,41326.46,17259.27,0.4176,659.0,0.7,1,6.7,0.8193,19599.78,rent,salaried,yes,car,1
30,88495.25,10944.43,0.1237,804.1,6.5,0,4.7,0.7898,6086.03,rent,salaried,no,car,0
22,104763.45,11082.14,0.1058,632.6,0.0,3,2.5,0.5014,14670.57,rent,salaried,no,consumer,0
38,48089.42,21992.73,0.4573,697.0,9.0,0,5.4,0.5888,0.0,mortgage,salaried,no,consumer,0
54,79115.6,22248.35,0.2812,741.6,7.5,0,8.1,0.3464,15230.95,mortgage,salaried,no,consumer,1
39,67560.6,2771.74,0.041,754.6,5.6,0,5.6,0.4128,,own,salaried,no,car,0
61,60107.31,49522.06,0.8239,763.4,2.6,1,5.7,0.2436,45126.72,mortgage,unemployed,no,car,0
46,107447.02,18885.8,0.1758,644.6,7.5,0,4.7,0.3695,38226.78,own,salaried,no,consumer,0
70,52123.16,22787.35,0.4372,664.6,4.7,0,3.3,0.4481,2488.88,rent,salaried,yes,consumer,1
64,92777.1,14485.15,0.1561,479.0,6.8,0,3.2,0.1213,21026.54,rent,unemployed,no,home_improvement,0
44,72154.16,18795.89,0.2605,650.3,17.7,1,1.3,0.5911,21289.65,rent,salaried,no,consumer,0
62,62594.66,17705.46,0.2829,746.8,8.4,1,8.5,0.6846,14543.44,mortgage,salaried,yes,consumer,0
43,95928.41,21964.83,0.229,732.3,10.3,2,6.7,0.4683,15499.67,rent,salaried,no,education,0
21,69963.23,21824.92,0.3119,658.5,5.1,0,5.7,0.01,12690.75,rent,self_employed,no,home_improvement,0
36,60685.74,31658.4,0.5217,792.4,3.4,2,6.2,0.4169,46090.63,rent,salaried,no,consumer,0
41,96106.61,24726.64,0.2573,636.2,7.4,0,6.3,0.1774,11757.24,rent,salaried,no,education,0
69,92982.29,30451.4,0.3275,611.3,20.5,0,3.7,0.342,23114.06,mortgage,self_employed,no,car,0
62,91847.12,21882.27,0.2382,629.9,6.0,0,4.7,0.7749,0.0,own,self_employed,no,consumer,0
28,12000.0,24775.03,1.5,580.8,9.4,2,4.3,0.01,30353.53,rent,self_employed,no,car,1
21,73564.24,19104.33,0.2597,711.7,3.2,0,11.8,0.2986,35763.82,mortgage,self_employed,no,consumer,0
47,68090.81,34037.34,0.4999,686.6,0.0,0,8.1,0.6442,2219.55,rent,self_employed,no,consumer,0
47,62163.28,25871.47,0.4162,710.7,3.4,0,5.9,0.3226,10321.7,rent,salaried,no,car,1
57,77634.71,20103.1,0.2589,633.9,19.9,1,8.9,0.3065,24772.55,rent,salaried,yes,home_improvement,0
33,69253.36,19745.08,0.2851,660.6,10.6,6,8.6,0.8968,18291.91,mortgage,salaried,yes,home_improvement,1
61,79267.38,20689.13,0.261,501.6,16.0,0,2.0,0.5495,24995.54,mortgage,salaried,no,car,1
41,56568.92,22365.33,0.3954,693.2,5.7,0,4.9,0.6662,13691.38,mortgage,salaried,yes,car,1
37,98956.34,21323.67,0.2155,672.4,0.0,2,5.5,0.5739,45948.98,mortgage,salaried,yes,home_improvement,0
42,81694.66,15293.9,0.1872,582.5,1.7,3,7.0,0.504,7953.9,rent,salaried,no,car,0
68,76020.64,31178.81,0.4101,657.2,9.6,0,4.9,0.7354,58373.62,mortgage,salaried,no,home_improvement,0
40,74848.93,31936.91,0.4267,645.7,8.7,1,5.3,0.8701,,mortgage,salaried,yes,car,0
49,90774.75,43406.28,0.4782,797.3,7.4,1,4.3,0.1165,30481.73,rent,unemployed,no,consumer,0
65,87520.51,14756.44,0.1686,585.4,4.7,0,8.1,0.4626,2392.84,rent,salaried,no,consumer,1
21,60293.47,29997.26,0.4975,689.9,12.4,1,1.9,0.4609,31645.24,rent,self_employed,no,car,1
47,86767.45,1500.0,0.03,583.2,4.9,2,4.4,0.3799,27059.08,rent,salaried,no,consumer,1
56,67177.25,31948.52,0.4756,623.2,9.1,1,1.0,0.676,0.0,rent,salaried,yes,education,1
66,109006.24,4521.01,0.0415,685.8,8.5,0,2.9,0.5239,0.0,rent,self_employed,no,car,0
24,,10188.03,0.114,649.1,5.6,4,6.3,0.8743,23364.42,own,unemployed,no,car,1
57,47985.38,25986.7,0.5416,664.6,2.9,1,6.3,0.7011,16000.5,own,self_employed,no,education,1
61,118937.06,14542.01,0.1223,,5.3,4,4.7,0.7566,10252.83,mortgage,unemployed,yes,education,1
38,12551.04,12899.76,1.0278,628.0,17.2,1,8.3,0.2182,34184.24,mortgage,salaried,no,car,0
58,78296.51,16182.21,0.2067,731.3,13.3,2,8.9,0.3007,4743.31,own,unemployed,no,car,1
45,46290.06,30755.51,0.6644,642.1,12.8,1,5.3,0.318,11171.39,rent,unemployed,no,education,0
53,108172.33,10805.32,0.0999,657.7,3.4,2,6.1,0.7479,8294.55,mortgage,self_employed,no,education,0
40,69067.35,21350.14,0.3091,692.1,0.0,0,4.4,0.2669,25652.54,mortgage,self_employed,yes,home_improvement,1
29,43948.91,17456.12,0.3972,682.0,13.2,1,7.1,0.273,0.0,own,self_employed,no,education,0
62,56604.13,31838.69,0.5625,713.3,12.2,1,2.5,0.2345,10534.92,mortgage,salaried,yes,consumer,0
31,45865.64,32175.06,0.7015,688.8,8.2,0,10.0,0.99,0.0,rent,salaried,no,education,1
30,55661.35,1500.0,0.03,700.2,5.6,0,8.3,0.4401,13306.87,mortgage,salaried,yes,education,1
65,55112.46,34541.31,0.6267,640.6,0.0,4,2.5,0.5813,28845.74,rent,self_employed,no,car,1
67,44972.26,14670.93,0.3262,584.8,12.0,0,3.5,0.2305,29113.45,rent,salaried,no,car,0
51,69481.53,24835.51,0.3574,557.9,13.7,0,6.6,0.6714,7086.03,mortgage,self_employed,no,consumer,0
50,72389.38,10733.1,0.1483,539.7,4.0,1,4.7,0.0975,25999.83,mortgage,salaried,no,consumer,1
39,39088.65,26453.62,0.6768,797.2,3.5,3,6.9,0.2644,15222.55,rent,salaried,no,car,1
51,23201.55,52616.19,1.5,499.0,14.0,3,4.6,0.3164,38416.27,rent,salaried,no,education,1
51,70462.95,23525.99,0.3339,754.5,4.2,1,9.3,0.516,16050.56,mortgage,,no,home_improvement,1
46,75766.09,16481.83,0.2175,603.4,16.8,3,5.5,0.3035,0.0,rent,self_employed,no,education,0
53,80525.2,19214.07,0.2386,754.0,6.9,2,11.6,0.79,31420.22,own,salaried,no,consumer,0
48,76228.19,4371.64,0.0573,499.8,5.5,0,7.0,0.5757,11113.51,mortgage,salaried,no,consumer,0
64,100745.2,39387.56,0.391,647.4,7.7,2,2.1,0.3252,13887.0,mortgage,salaried,no,car,0
54,86929.63,25754.6,0.2963,774.1,5.5,0,10.7,0.6795,23038.85,rent,salaried,yes,car,0
40,127315.88,9413.23,0.0739,718.5,13.4,0,8.2,0.3874,0.0,own,salaried,no,car,0
53,137415.53,9804.18,0.0713,639.7,12.1,0,6.5,0.346,19119.8,own,salaried,no,consumer,0
32,20805.54,22183.39,1.0662,519.3,13.2,0,7.1,0.6581,26017.45,rent,self_employed,no,home_improvement,0
31,12000.0,33183.94,1.5,565.8,8.5,1,2.5,0.01,23460.96,mortgage,self_employed,no,car,1
62,62822.61,8188.12,0.1303,769.2,5.1,1,1.0,0.6243,9016.03,mortgage,unemployed,no,home_improvement,1
50,75101.58,35360.91,0.4708,638.9,7.5,1,5.4,0.3203,32878.98,rent,salaried,yes,car,0
23,61178.76,20900.4,0.3416,659.6,5.3,2,8.9,0.3199,3037.56,mortgage,salaried,no,education,0
38,79885.93,10837.08,0.1357,686.3,15.1,3,6.5,0.8812,8617.18,own,salaried,no,consumer,1
70,56514.19,16387.71,0.29,567.3,12.7,2,9.8,0.3584,15959.98,mortgage,salaried,no,home_improvement,0
52,46345.18,42982.65,0.9274,695.5,7.0,3,8.8,0.6707,22432.03,own,salaried,no,consumer,1
64,49970.62,5341.44,0.1069,633.5,2.7,1,5.6,0.5286,13131.85,rent,salaried,yes,consumer,1
48,58195.96,13217.28,0.2271,687.0,15.5,0,8.5,0.5504,,own,salaried,no,consumer,0
23,83244.3,33431.0,0.4016,621.6,8.2,1,9.3,0.4174,22429.29,own,salaried,no,home_improvement,0
29,51318.22,24597.48,0.4793,547.0,6.8,0,5.3,0.4064,19134.87,rent,salaried,no,consumer,1
25,56064.75,12505.11,0.223,632.9,15.6,1,5.0,0.7909,21902.04,mortgage,self_employed,no,consumer,1
57,76685.2,33577.52,0.4379,713.1,4.8,4,5.9,0.6654,28993.59,mortgage,self_employed,no,consumer,0
58,58228.89,34147.55,0.5864,694.6,5.8,0,1.0,0.3651,21611.62,own,salaried,no,consumer,0
43,89801.05,25976.69,0.2893,667.3,6.3,2,6.2,0.2504,0.0,rent,salaried,no,home_improvement,1
57,40931.85,14651.24,0.3579,732.4,0.7,1,7.3,0.3473,34342.63,rent,salaried,yes,consumer,1
48,35727.27,16500.34,0.4618,649.7,9.1,2,5.9,0.6761,19795.13,mortgage,salaried,no,car,0
57,70311.1,25416.11,0.3615,669.2,3.5,3,6.4,0.7175,28272.79,rent,salaried,no,home_improvement,0
54,72702.92,6256.85,0.0861,629.0,4.5,0,5.4,0.5865,11910.85,mortgage,salaried,yes,consumer,0
43,42240.97,37933.42,0.898,736.7,3.8,0,1.0,0.1305,0.0,mortgage,salaried,no,consumer,0
53,95246.29,42402.51,0.4452,686.9,4.4,0,9.7,0.6283,0.0,own,salaried,no,consumer,1
36,109198.48,19168.54,0.1755,623.2,3.1,0,4.6,0.7438,3834.48,rent,self_employed,no,car,0
58,47931.5,26273.25,0.5481,553.3,8.8,1,4.0,0.5064,25759.41,own,self_employed,no,car,1
66,98695.22,36229.62,0.3671,747.9,6.7,0,8.9,0.8858,37468.36,mortgage,salaried,no,education,0
31,12000.0,45466.73,1.5,609.2,7.7,1,7.9,0.1926,22529.57,own,salaried,yes,home_improvement,1
54,88826.69,40683.78,0.458,670.4,19.7,0,6.2,0.6138,,rent,unemployed,no,consumer,0
26,42413.69,1500.0,0.0354,841.4,6.7,3,7.4,0.2558,6238.14,mortgage,salaried,yes,home_improvement,0
39,86425.74,18213.36,0.2107,725.1,10.6,1,2.6,0.6923,38411.75,own,self_employed,no,car,0
54,39929.38,28008.26,0.7014,785.8,11.2,2,5.3,0.5987,0.0,mortgage,salaried,no,home_improvement,1
34,61356.3,16069.39,0.2619,624.6,7.2,2,8.7,0.8483,49526.59,rent,unemployed,no,car,0
32,43557.23,43393.2,0.9962,745.3,8.9,0,3.8,0.5749,46140.56,mortgage,salaried,no,car,0
40,57866.86,41552.5,0.7181,667.0,7.6,2,3.0,0.3852,,rent,salaried,no,home_improvement,1
26,106918.18,12208.84,0.1142,692.5,8.6,0,5.7,0.3669,23710.52,rent,unemployed,no,consumer,0
52,60409.49,20051.2,0.3319,816.6,4.5,1,5.8,0.4175,12877.13,mortgage,self_employed,yes,home_improvement,0
27,113647.24,13005.35,0.1144,644.1,4.9,2,7.1,0.3627,23345.19,own,salaried,no,consumer,0
37,53740.5,19658.46,0.3658,666.4,7.6,1,2.1,0.7529,31628.77,mortgage,self_employed,no,car,1
36,98802.35,19294.81,0.1953,597.3,0.0,1,1.0,0.7379,8238.36,rent,unemployed,no,car,1
69,23983.38,33451.09,1.3948,731.6,15.3,0,7.8,0.1557,1481.95,rent,salaried,no,home_improvement,0
70,,11338.42,0.202,623.0,18.7,2,2.8,0.4781,13740.95,rent,salaried,no,consumer,0
24,50133.36,1500.0,0.03,741.7,8.4,0,4.0,0.4831,6415.38,rent,salaried,no,consumer,1
28,99904.93,2745.48,0.03,541.3,11.0,2,1.0,0.3059,36613.3,own,unemployed,no,education,0
57,67445.97,9660.38,0.1432,706.1,13.1,2,8.1,0.562,8753.56,rent,salaried,yes,car,0
35,12886.0,14131.7,1.0967,616.7,0.6,3,6.4,0.7768,19434.62,rent,salaried,no,home_improvement,1
53,31556.89,24246.09,0.7683,719.8,12.3,2,6.3,0.6573,32745.61,mortgage,salaried,no,home_improvement,1
67,38696.11,9042.47,0.2337,664.0,5.3,0,6.3,0.7529,37197.63,rent,salaried,no,car,1
29,85417.21,7466.79,0.0874,624.8,19.4,0,1.0,0.3191,21128.39,rent,salaried,no,education,0
69,82320.18,10846.63,0.1318,636.0,6.5,2,3.0,0.4777,23764.44,mortgage,salaried,yes,education,0
23,55790.41,8612.15,,601.2,12.2,1,4.4,0.3092,2745.14,rent,salaried,no,education,0
32,49835.76,15346.08,0.3079,727.8,6.6,2,3.6,0.5203,33345.85,mortgage,salaried,no,home_improvement,0
46,80193.32,14832.55,0.185,586.4,18.9,3,4.8,0.5392,36952.85,mortgage,salaried,no,car,0
65,35891.45,30268.68,0.8433,645.0,4.8,2,6.1,0.6716,0.0,mortgage,salaried,no,car,1
48,73984.06,10125.65,0.1369,690.9,13.6,1,8.0,0.7458,44444.19,rent,salaried,yes,consumer,0
27,71940.43,17708.84,0.2462,786.0,10.8,1,1.8,0.6147,7490.11,rent,self_employed,no,consumer,0
33,56409.85,15459.73,0.2741,664.3,9.6,1,5.5,0.2894,26919.46,mortgage,salaried,no,car,0
59,72544.27,31706.62,0.4371,646.8,8.7,0,7.3,0.186,19163.43,rent,salaried,no,home_improvement,0
49,65450.26,20148.65,0.3078,685.5,4.0,0,3.2,0.5792,17094.36,rent,salaried,yes,consumer,0
21,74938.07,34608.36,0.4618,509.5,0.0,0,5.0,0.7851,,rent,self_employed,no,car,0
46,30981.54,8171.56,0.2638,575.1,13.1,2,6.7,0.4648,3111.55,rent,self_employed,no,home_improvement,0
41,77748.05,21407.6,0.2753,636.8,5.0,1,5.5,0.1492,25857.42,rent,unemployed,yes,education,1
21,87638.43,15089.31,0.1722,611.5,13.6,2,7.2,0.9078,13709.33,own,salaried,no,home_improvement,0
33,70702.83,7287.45,0.1031,544.9,9.3,0,5.7,0.5728,0.0,mortgage,salaried,no,consumer,1
67,77429.18,21189.87,0.2737,729.3,13.7,2,4.7,0.5059,2474.93,mortgage,salaried,no,home_improvement,0
56,,42795.13,0.709,684.5,11.7,0,2.6,0.2247,0.0,rent,salaried,no,education,0
24,84391.98,11765.09,0.1394,675.5,0.0,2,6.1,0.4734,10131.14,rent,unemployed,no,car,0
21,64565.93,20470.54,0.317,613.0,10.7,3,5.7,0.6142,25276.49,mortgage,salaried,yes,home_improvement,1
38,35449.41,6253.22,0.1764,671.0,5.7,0,3.0,0.5756,7333.23,mortgage,self_employed,no,home_improvement,0
44,82685.19,4489.27,0.0543,703.6,13.6,1,7.0,0.3272,32631.62,own,unemployed,no,home_improvement,0
43,23780.49,12552.97,0.5279,645.1,10.6,2,8.7,0.458,16211.78,rent,self_employed,no,car,0
55,69786.71,16600.2,,698.3,10.6,0,3.8,0.3406,13658.93,rent,salaried,yes,consumer,0
29,53778.65,17133.0,0.3186,605.3,6.1,2,3.7,0.8195,18251.48,mortgage,unemployed,no,car,0
23,52244.98,19287.7,0.3692,672.3,2.8,1,3.6,0.6579,38927.32,rent,salaried,no,car,1
54,67127.73,2220.01,0.0331,750.7,5.2,1,1.3,0.3599,0.0,rent,salaried,no,consumer,0
65,45977.08,14488.65,0.3151,757.4,0.0,1,10.5,0.2246,42845.5,rent,salaried,no,consumer,0
29,75292.94,28021.1,0.3722,764.6,4.4,0,4.4,0.5283,32402.4,rent,unemployed,no,consumer,0
39,64363.12,5701.06,0.0886,686.4,0.0,0,3.4,0.3665,17675.15,mortgage,self_employed,no,car,0
52,48184.95,17738.25,0.3681,667.4,0.0,0,2.7,0.3822,35745.39,own,salaried,no,consumer,1
29,95116.31,25514.13,0.2682,631.3,8.1,2,4.5,0.2316,13162.91,mortgage,self_employed,no,home_improvement,0
63,67914.78,12612.8,0.1857,529.4,10.3,0,3.8,0.2576,22285.18,rent,salaried,no,car,0
32,78139.22,26098.29,0.334,564.1,7.3,1,9.1,0.5042,9878.78,mortgage,self_employed,no,home_improvement,1
47,96998.13,3746.48,0.0386,652.4,4.9,1,2.4,0.414,32497.13,mortgage,salaried,no,home_improvement,0
37,96604.28,32661.39,0.3381,656.9,2.6,2,1.7,0.99,7391.17,mortgage,salaried,no,car,1
54,76914.85,26389.61,0.3431,770.9,5.9,5,6.9,0.5948,17229.48,mortgage,salaried,no,consumer,0
30,55736.2,22667.98,0.4067,763.6,3.2,1,5.2,0.2281,28187.08,own,unemployed,no,home_improvement,0
25,28687.11,35497.82,1.2374,613.5,7.2,2,4.9,0.1475,33722.84,rent,unemployed,yes,consumer,1
46,,18047.81,0.2656,726.4,0.0,0,6.9,0.5536,5682.67,mortgage,salaried,no,education,1
64,89270.02,14585.73,0.1634,629.2,11.1,0,5.8,0.3867,29297.07,mortgage,salaried,no,consumer,0
52,71503.56,38470.53,0.538,716.2,4.6,1,5.4,0.7496,3270.22,own,salaried,no,consumer,0
58,12000.0,44089.19,1.5,725.5,9.5,0,2.0,0.5292,0.0,own,,yes,consumer,1
42,83881.49,13678.75,0.1631,758.2,12.1,0,1.3,0.0537,6779.05,rent,salaried,yes,education,1
28,85355.98,20635.08,0.2418,628.1,9.2,1,3.7,0.2559,30519.9,mortgage,salaried,yes,education,0
42,55770.67,34540.51,0.6193,741.1,11.7,0,2.8,0.3282,17816.75,rent,salaried,no,consumer,1
70,86720.68,21062.26,0.2429,524.5,0.0,0,6.2,0.5628,9975.03,mortgage,salaried,no,consumer,0
60,78071.17,29135.06,0.3732,762.2,4.9,1,1.0,0.2489,18832.17,rent,unemployed,no,home_improvement,1
56,46547.84,31364.84,0.6738,663.1,13.2,1,4.4,0.5021,18336.0,rent,salaried,no,car,1
36,93511.23,15252.35,0.1631,,10.1,0,5.1,0.1894,27328.48,own,salaried,no,home_improvement,0
50,32580.55,27031.3,0.8297,512.2,17.1,2,5.4,0.4713,0.0,mortgage,salaried,yes,education,0
52,61626.13,21925.69,0.3558,635.9,16.4,0,6.5,0.5477,16464.71,mortgage,salaried,no,home_improvement,0
53,59231.94,7397.58,0.1249,766.7,9.1,1,4.7,0.7769,19864.16,rent,salaried,no,home_improvement,0
65,43189.48,10124.17,0.2344,,6.2,3,3.8,0.5216,0.0,rent,salaried,yes,car,0
55,70291.05,14171.0,0.2016,718.5,2.5,0,8.6,0.2985,0.0,rent,self_employed,yes,car,1
32,94448.85,33142.24,0.3509,667.6,5.0,3,4.7,0.7835,12529.37,rent,salaried,no,home_improvement,1
32,92945.8,33536.3,0.3608,744.7,5.4,0,9.0,0.4315,18127.86,own,salaried,no,consumer,0
51,80367.94,30998.96,0.3857,679.4,4.4,0,4.7,0.6324,18180.69,mortgage,salaried,yes,consumer,1
64,22297.86,27281.33,1.2235,595.1,2.7,2,5.5,0.3413,9654.77,rent,salaried,yes,car,1
68,30937.14,26953.92,0.8712,669.2,9.6,0,5.2,0.4891,9039.98,mortgage,salaried,no,home_improvement,1
51,66988.06,25330.73,0.3781,785.1,16.3,0,6.1,0.3017,12072.36,rent,self_employed,no,consumer,0
47,62178.36,26891.16,0.4325,702.3,12.4,2,4.5,0.5377,22477.83,rent,salaried,no,car,0
61,51046.08,27704.35,0.5427,656.3,5.8,2,5.7,0.6388,36669.32,rent,self_employed,no,consumer,1
69,108727.76,5146.93,0.0473,834.2,12.8,1,9.3,0.3661,0.0,rent,salaried,no,education,0
22,65540.64,12517.03,0.191,751.9,9.3,0,8.1,0.3543,27345.03,mortgage,salaried,no,consumer,0
36,76017.91,9652.94,0.127,726.3,7.3,0,8.1,0.5449,16332.73,mortgage,salaried,yes,home_improvement,0
37,86709.45,35285.74,0.4069,688.8,7.0,2,2.1,0.2967,25885.83,mortgage,self_employed,no,car,0
49,64319.0,41849.2,0.6507,719.8,6.5,3,2.5,0.1512,35783.15,mortgage,salaried,no,car,0
35,125185.49,1500.0,0.03,722.2,10.9,0,6.0,0.5442,6673.11,own,self_employed,no,car,0
36,,40777.78,1.0086,501.3,8.2,4,7.4,0.4474,32164.57,mortgage,salaried,no,education,1
22,48454.28,23040.66,0.4755,694.6,3.7,1,4.2,0.4429,0.0,own,salaried,no,home_improvement,0
21,,34152.64,0.8459,652.9,3.5,1,3.8,0.5794,19913.99,own,salaried,no,consumer,1
43,100503.8,28077.61,0.2794,627.5,9.1,0,9.0,0.6088,14362.25,mortgage,salaried,no,car,0
70,82250.06,39284.74,0.4776,650.3,9.7,0,7.2,0.4362,18694.19,rent,salaried,yes,education,0
35,49940.35,24516.91,0.4909,548.3,5.9,2,8.1,0.2342,3164.49,rent,,no,education,0
33,42266.97,5638.55,0.1334,529.7,1.6,1,4.4,0.3359,24553.25,mortgage,salaried,yes,consumer,0
34,96237.37,20731.9,0.2154,758.5,14.0,1,4.2,0.5928,41794.31,own,salaried,no,car,0
69,71680.51,28187.87,0.3932,699.7,12.9,2,7.9,0.4986,3422.15,mortgage,self_employed,yes,car,0
54,96850.03,19408.47,0.2004,484.0,0.0,2,4.8,0.3546,20844.68,mortgage,self_employed,yes,home_improvement,0
53,61556.42,29892.78,0.4856,621.8,14.5,1,4.0,0.3053,30838.1,mortgage,salaried,yes,consumer,0
30,75276.85,21211.63,0.2818,731.0,6.4,2,3.2,0.5997,13548.89,mortgage,salaried,yes,consumer,0
66,70205.46,14853.89,0.2116,644.0,8.5,1,4.2,0.4235,38405.89,mortgage,salaried,no,education,0
30,48021.33,8968.26,0.1868,758.4,13.4,0,7.7,0.6281,11554.67,rent,salaried,no,car,0
69,59540.54,17298.22,0.2905,743.7,16.1,1,1.7,0.6547,16255.58,mortgage,salaried,no,home_improvement,0
68,34576.72,24454.86,0.7073,563.2,12.7,1,7.1,0.4043,3102.69,rent,salaried,no,consumer,1
49,74858.56,1500.0,0.03,654.3,8.8,0,3.7,0.6694,19898.86,rent,salaried,no,consumer,0
64,81269.97,12639.08,0.1555,631.4,0.3,0,5.0,0.4991,18045.34,mortgage,salaried,no,consumer,0
70,86763.87,1500.0,0.03,560.8,0.0,1,5.1,0.5262,27538.52,rent,salaried,no,car,0
50,78997.08,14595.1,0.1848,555.9,12.1,1,4.9,0.0104,8456.91,own,salaried,no,consumer,0
59,59922.96,36367.78,0.6069,604.5,14.5,2,4.8,0.2661,7770.07,mortgage,salaried,no,education,1
50,100247.3,7766.6,0.0775,616.9,3.3,0,4.4,0.2775,24937.38,mortgage,salaried,no,car,0
47,84415.4,30437.92,0.3606,686.2,6.1,0,4.1,0.4031,38957.86,rent,self_employed,no,consumer,0
37,96325.11,56185.9,0.5833,743.3,4.6,2,8.8,0.494,27435.15,own,salaried,no,education,1
53,97830.88,39442.46,0.4032,703.5,4.5,1,5.6,0.5026,45711.18,mortgage,salaried,yes,car,0
34,59985.61,23602.16,0.3935,721.3,13.1,1,5.2,0.53,26329.61,mortgage,self_employed,no,education,0
30,72309.11,32301.21,0.4467,,8.6,0,3.9,0.3262,25789.39,mortgage,salaried,no,car,1
34,81589.56,5563.81,0.0682,710.2,6.3,1,4.5,0.6152,28189.39,mortgage,salaried,no,home_improvement,0
21,35420.6,3119.02,0.0881,653.9,21.3,2,3.9,0.85,40322.56,mortgage,self_employed,no,home_improvement,0
67,35952.64,22344.38,0.6215,631.9,0.0,1,7.4,0.3958,36563.55,mortgage,self_employed,no,education,1
33,31816.52,26783.33,0.8418,807.3,10.3,1,3.6,0.3306,1726.83,mortgage,unemployed,no,car,0
60,60405.6,35132.85,0.5816,490.2,2.0,0,1.0,0.3261,30008.73,rent,unemployed,yes,home_improvement,1
42,55000.39,15174.85,0.2759,524.5,6.7,1,5.6,0.4879,21980.35,own,self_employed,yes,education,1
37,28543.9,24320.75,0.852,693.7,8.3,2,4.8,0.3596,15089.47,rent,salaried,no,consumer,1
32,66584.6,23909.34,0.3591,645.1,11.9,1,4.0,0.1066,0.0,rent,salaried,no,education,1
62,60705.15,20423.27,0.3364,557.2,6.1,2,7.8,0.1641,0.0,rent,salaried,no,consumer,1
46,91373.76,21130.3,0.2313,585.9,5.6,1,1.0,0.6842,12532.99,rent,salaried,no,car,1
43,111311.5,11743.55,0.1055,595.7,6.0,0,9.4,0.7392,,rent,unemployed,no,consumer,0
53,73954.81,25356.49,0.3429,731.9,1.9,1,8.1,0.806,12843.65,own,salaried,no,consumer,0
61,46280.87,24340.6,0.5259,755.9,10.8,0,3.9,0.5175,28715.12,mortgage,unemployed,yes,education,1
53,78521.39,16719.86,0.2129,788.0,9.0,0,4.4,0.2619,9285.66,own,salaried,no,car,0
44,63223.27,29989.29,0.4743,545.8,9.8,3,6.8,0.378,19251.94,rent,salaried,no,consumer,1
65,57236.99,34333.98,0.5999,562.5,7.1,2,6.8,0.1568,1950.72,mortgage,self_employed,no,home_improvement,1
65,42321.57,30128.52,0.7119,557.3,6.5,1,3.9,0.1487,22481.51,rent,salaried,no,consumer,0
69,51858.72,9490.68,0.183,761.7,13.6,2,1.5,0.5236,25622.03,mortgage,salaried,no,education,1
25,58733.02,23195.75,0.3949,696.3,12.8,0,10.8,0.5832,0.0,rent,salaried,no,consumer,0
65,82298.31,11062.82,0.1344,671.0,14.9,2,7.9,0.8813,6721.71,mortgage,salaried,no,car,0
30,75264.61,23158.66,0.3077,682.2,9.4,0,5.9,0.4526,0.0,mortgage,salaried,yes,home_improvement,0
52,106813.83,11109.56,0.104,660.7,14.5,3,5.9,0.1849,25638.22,rent,self_employed,no,home_improvement,0
53,79184.11,37325.96,0.4714,580.9,5.3,1,7.1,0.4444,20460.1,rent,unemployed,no,education,1
31,73183.08,31399.98,,703.5,6.5,0,7.4,0.4107,17254.32,rent,self_employed,no,consumer,0
21,55650.47,35835.87,0.6439,,13.7,1,1.0,0.3668,,rent,self_employed,yes,consumer,0
68,38100.89,34620.67,0.9087,575.0,11.9,0,4.6,0.5422,22842.53,mortgage,self_employed,no,car,1
65,49322.56,18752.8,0.3802,708.1,6.0,0,4.4,0.215,23142.77,mortgage,salaried,no,consumer,0
29,46203.87,16892.68,0.3656,633.1,2.1,0,5.1,0.4975,10566.34,mortgage,self_employed,no,consumer,0
51,12000.0,42900.69,1.5,682.1,6.4,2,7.4,0.6068,8466.05,own,self_employed,no,consumer,0
28,38792.84,20018.56,0.516,655.6,3.9,0,1.0,0.7681,17115.07,rent,salaried,no,consumer,0
49,101453.03,5745.03,0.0566,731.9,16.5,1,2.1,0.5352,15153.98,own,salaried,yes,consumer,1
36,71846.41,34089.6,0.4745,681.5,11.5,1,3.8,0.6891,48910.23,mortgage,,no,consumer,0
58,53963.43,23725.31,0.4397,598.7,3.5,2,5.9,0.3768,12241.58,rent,unemployed,no,car,0
49,72563.52,40071.33,0.5522,689.2,2.1,0,7.6,0.4061,22344.98,mortgage,unemployed,yes,consumer,0
45,16118.29,24915.64,1.5,691.6,3.5,0,9.6,0.753,24988.9,mortgage,salaried,no,consumer,0
55,69770.35,21759.98,0.3119,703.3,4.6,2,4.8,0.182,39007.86,mortgage,,no,consumer,0
44,93659.81,40313.45,0.4304,742.7,6.6,1,7.6,0.3853,5832.23,mortgage,salaried,yes,car,1
21,60093.22,3538.4,0.0589,618.8,13.3,2,7.3,0.707,38094.72,own,self_employed,no,consumer,1
50,20472.25,14975.65,0.7315,715.1,2.5,1,6.9,0.4257,15789.07,mortgage,self_employed,no,consumer,1
59,53065.43,11351.64,0.2139,535.6,19.4,1,5.4,0.41,55520.18,mortgage,unemployed,no,car,0
45,93702.29,1500.0,0.03,,2.6,0,4.5,0.4143,23439.03,rent,unemployed,no,education,1
29,69207.11,32478.12,0.4693,,0.2,0,2.8,0.4946,0.0,own,salaried,yes,consumer,1
21,28960.56,15310.98,0.5287,773.6,16.3,1,2.7,0.6981,15042.62,mortgage,unemployed,no,education,0
35,119823.1,32864.42,0.2743,653.3,14.4,0,6.4,0.6641,38044.04,mortgage,self_employed,yes,car,0
59,32908.6,26669.04,0.8104,710.6,6.6,0,5.4,0.4724,19223.12,own,salaried,yes,car,0
37,57169.81,29285.71,0.5123,532.9,9.5,0,4.5,0.6994,,rent,salaried,yes,consumer,1
68,38102.74,16535.21,0.434,,9.6,0,7.2,0.5418,28784.96,rent,self_employed,no,home_improvement,0
37,38135.95,12829.02,0.3364,601.5,8.2,0,5.0,0.6504,12825.03,mortgage,salaried,no,home_improvement,0
42,52148.37,23077.13,0.4425,850.0,0.8,0,3.2,0.254,14839.0,own,salaried,no,home_improvement,0
59,78267.6,33030.02,0.422,615.0,0.0,2,4.8,0.8351,3829.88,mortgage,salaried,no,home_improvement,0
51,93972.75,21395.42,0.2277,670.5,3.1,0,7.6,0.5162,43932.31,mortgage,salaried,no,education,1
23,53731.96,13576.76,0.2527,674.5,16.9,0,2.9,0.01,0.0,rent,salaried,no,car,0
24,38756.55,7611.78,0.1964,545.8,17.1,1,6.0,0.8185,20542.0,mortgage,self_employed,no,car,1
30,74487.34,24449.96,0.3282,625.5,6.1,2,5.4,0.4711,25198.27,rent,salaried,yes,education,0
64,75191.13,15351.19,0.2042,695.4,2.5,0,3.6,0.3869,17795.23,own,salaried,no,home_improvement,1
22,68769.03,21139.11,0.3074,671.4,8.9,2,4.8,0.3428,0.0,mortgage,salaried,no,home_improvement,0
24,69617.76,19134.65,0.2749,492.5,9.8,1,1.6,0.5623,3018.54,rent,self_employed,no,consumer,1
59,60298.41,16666.83,0.2764,622.5,10.6,1,5.8,0.2834,25837.75,mortgage,salaried,no,home_improvement,0
52,65355.62,25525.64,0.3906,741.6,0.0,1,2.1,0.3488,6301.81,own,self_employed,no,consumer,1
70,58640.37,28654.05,0.4886,709.1,23.9,1,8.2,0.3539,0.0,mortgage,self_employed,no,car,1
31,88685.85,45583.35,0.514,756.4,13.4,2,5.3,0.4086,23804.67,rent,unemployed,no,education,0
53,116483.03,31095.61,0.267,591.1,6.5,1,4.1,0.3618,4912.57,mortgage,,no,home_improvement,1
27,67311.68,41124.19,0.611,761.1,3.8,1,8.4,0.6491,27468.29,mortgage,salaried,yes,consumer,0
50,62842.27,12176.8,0.1938,661.7,12.6,1,2.9,0.5269,14975.68,rent,salaried,yes,car,0
26,69140.67,2788.66,0.0403,784.4,10.1,2,3.6,0.5525,14252.82,mortgage,salaried,no,education,0
66,47209.88,21826.84,0.4623,665.2,8.0,1,1.0,0.5982,18783.57,rent,salaried,no,consumer,0
41,81359.48,32296.33,0.397,511.4,9.9,0,8.8,0.4505,922.6,mortgage,salaried,yes,consumer,0
33,73588.23,30413.94,0.4133,728.7,6.9,1,10.2,0.2557,5618.2,mortgage,salaried,no,consumer,0
70,52908.72,36536.58,0.6906,631.7,9.6,2,1.3,0.8491,14101.14,mortgage,salaried,no,home_improvement,1
24,84649.6,1500.0,0.03,636.8,11.3,0,3.5,0.6648,834.86,mortgage,salaried,no,car,0
60,63455.75,37035.72,0.5836,556.0,9.3,1,5.7,0.8087,28707.26,mortgage,salaried,no,home_improvement,0
46,39718.64,26025.55,0.6552,786.7,9.0,2,4.2,0.6873,13389.32,rent,self_employed,no,consumer,0
55,71438.51,3471.84,0.0486,625.9,14.7,1,5.4,0.3733,0.0,rent,salaried,no,consumer,1
34,68687.82,30682.35,0.4467,783.1,0.0,3,5.2,0.01,9614.57,mortgage,salaried,no,home_improvement,0
65,86050.04,24033.79,0.2793,632.7,3.4,3,6.5,0.2119,19518.04,own,salaried,no,home_improvement,0
43,82957.13,26574.75,0.3203,595.4,7.6,1,3.1,0.6037,11308.64,rent,self_employed,yes,car,0
41,60378.57,33989.31,0.5629,764.0,3.7,0,6.0,0.4486,23997.24,rent,self_employed,yes,home_improvement,0
43,51669.91,27163.3,0.5257,659.5,5.4,4,2.7,0.3818,26610.55,own,salaried,no,consumer,0
35,63041.85,4326.1,0.0686,660.2,14.2,3,4.5,0.01,54025.5,rent,salaried,no,education,0
36,,20283.68,0.2828,568.9,6.7,2,1.2,0.4672,35259.66,own,self_employed,no,consumer,0
28,74610.11,2588.26,0.0347,630.7,0.0,1,4.5,0.2428,0.0,mortgage,self_employed,yes,consumer,1
45,70233.89,29788.74,0.4241,697.2,5.3,0,4.1,0.3179,12596.51,rent,salaried,no,consumer,0
44,60821.71,38775.64,0.6375,567.6,7.8,3,7.9,0.6485,14000.38,rent,salaried,yes,car,0
40,,7102.58,0.0817,624.6,7.7,0,5.4,0.2539,26626.06,own,salaried,no,education,0
70,46816.75,13942.43,0.2978,633.5,10.4,4,5.8,0.2739,3996.21,rent,self_employed,no,education,1
26,122505.68,11411.57,0.0932,670.0,10.0,1,5.4,0.509,10031.22,mortgage,salaried,no,consumer,0
66,,16553.14,0.2036,776.0,6.8,2,1.0,0.6532,0.0,rent,self_employed,yes,car,0
64,35940.35,26949.08,0.7498,642.5,1.3,2,1.0,0.3854,8966.01,mortgage,self_employed,yes,consumer,1
22,67445.5,16683.17,0.2474,613.2,5.2,0,4.7,0.7781,9525.52,own,self_employed,no,consumer,0
56,81544.4,29830.36,0.3658,850.0,4.3,3,6.2,0.2015,13304.91,mortgage,unemployed,no,car,0
31,54615.14,34784.56,0.6369,632.5,6.0,1,4.9,0.1646,202.31,rent,salaried,no,car,0
23,27116.54,35221.11,1.2989,650.7,11.1,0,3.3,0.1467,32730.39,mortgage,self_employed,no,car,1
64,38062.47,8581.83,0.2255,638.2,9.6,0,4.9,0.123,25083.21,mortgage,self_employed,no,home_improvement,0
26,,38631.15,0.5082,644.2,11.8,1,4.7,0.5407,0.0,rent,self_employed,no,home_improvement,1
35,20889.2,39592.87,1.5,670.8,5.5,0,7.4,0.2647,18389.59,mortgage,salaried,yes,car,1
25,28215.73,40632.16,1.4401,734.1,15.3,0,7.3,0.1739,0.0,mortgage,salaried,no,education,0
28,75884.03,20106.22,0.265,,11.0,1,4.1,0.5498,38133.84,rent,unemployed,no,consumer,0
24,57658.82,12977.89,0.2251,745.8,8.1,0,5.4,0.643,42211.63,own,salaried,no,car,0
63,46301.27,10189.11,0.2201,743.3,10.6,3,6.2,0.6907,17163.94,mortgage,unemployed,no,consumer,0
23,51126.43,8778.64,0.1717,680.6,4.0,3,6.6,0.6538,5210.32,rent,salaried,no,car,1
58,27700.47,22140.28,,693.2,0.0,0,9.6,0.2772,8035.96,rent,salaried,no,consumer,0
28,74626.88,32174.22,0.4311,748.2,4.3,0,5.4,0.528,11193.87,rent,unemployed,no,car,0
66,43642.95,37678.7,,581.7,11.4,0,8.4,0.5743,16397.59,rent,self_employed,no,home_improvement,1
63,50141.95,16173.31,0.3226,850.0,7.9,2,2.6,0.3703,38557.04,rent,salaried,no,car,0
52,71322.84,21535.74,0.3019,626.6,6.8,2,3.9,0.5046,32334.03,mortgage,salaried,no,car,0
62,56840.94,20749.75,0.365,638.7,3.1,0,1.0,0.2072,32565.07,mortgage,,no,home_improvement,0
35,46088.32,14376.64,0.3119,574.1,0.0,1,5.9,0.3382,20558.67,rent,salaried,no,car,0
60,15253.48,30828.99,1.5,,14.9,0,7.1,0.5481,695.82,mortgage,salaried,no,education,1
32,71818.22,26354.18,0.367,738.1,6.4,1,1.0,0.7866,6449.15,mortgage,salaried,no,education,1
51,64895.83,23701.88,0.3652,835.3,5.3,1,6.0,0.7118,18910.82,mortgage,salaried,no,consumer,0
66,50582.7,26299.67,0.5199,622.5,4.0,1,7.0,0.6088,0.0,own,salaried,no,consumer,1
57,38102.42,29385.41,0.7712,691.0,14.0,1,6.9,0.4867,22559.74,rent,unemployed,no,consumer,1
34,63306.3,29265.24,0.4623,681.5,12.1,1,2.5,0.4542,30076.85,rent,self_employed,no,education,1
57,74531.32,11938.12,,740.0,2.5,3,7.4,0.166,26180.18,rent,salaried,no,education,0
65,65346.21,32755.94,0.5013,831.4,13.6,2,5.5,0.2945,25577.84,rent,unemployed,no,car,1
65,102313.57,25064.39,0.245,779.1,6.7,3,7.0,0.3014,0.0,mortgage,salaried,no,car,0
57,79914.59,16784.61,0.21,647.1,4.3,0,5.2,0.5907,38000.34,rent,salaried,yes,car,1
57,60425.21,24810.76,0.4106,704.7,6.0,0,6.5,0.6684,0.0,mortgage,salaried,no,consumer,0
60,,26133.73,0.3238,712.1,3.4,2,8.3,0.6247,15708.76,own,unemployed,no,consumer,0
57,64167.89,34981.4,0.5452,663.5,0.6,0,5.0,0.7184,27278.15,mortgage,salaried,no,consumer,0
27,64084.63,9446.13,,582.8,11.5,1,6.2,0.4852,23378.96,mortgage,,yes,consumer,0
61,94112.73,37899.81,0.4027,605.1,6.4,2,8.6,0.2636,0.0,mortgage,unemployed,no,consumer,0
29,41446.61,22278.0,0.5375,751.1,10.7,1,5.2,0.4595,,mortgage,self_employed,no,car,0
48,63559.43,15926.16,0.2506,758.8,9.0,2,2.7,0.3178,22306.07,mortgage,self_employed,no,consumer,0
37,91553.04,15558.9,,649.4,10.4,1,7.2,0.6082,25662.68,rent,self_employed,yes,education,1
31,70415.77,9983.59,0.1418,684.6,0.0,2,9.1,0.3946,1391.94,rent,self_employed,yes,consumer,1
35,54142.73,1500.0,0.03,754.8,3.0,3,8.7,0.4493,23888.89,rent,salaried,no,car,1
25,22052.17,30128.8,1.3663,537.2,10.5,0,7.3,0.6157,0.0,mortgage,self_employed,no,consumer,0
42,12000.0,45770.64,1.5,631.5,0.9,0,1.0,0.3144,27365.84,mortgage,salaried,no,home_improvement,1
41,112828.35,2588.62,0.03,816.3,9.4,2,3.9,0.6724,4742.37,rent,salaried,no,car,1
41,70404.28,10594.87,0.1505,687.4,0.3,2,4.0,0.187,19207.7,rent,unemployed,no,education,1
25,48982.24,31019.0,0.6333,580.3,7.6,2,5.6,0.5344,16689.03,mortgage,salaried,no,home_improvement,1
51,71386.97,21452.36,0.3005,673.8,15.9,1,9.7,0.4509,35409.86,rent,salaried,no,car,0
29,40255.82,32013.03,0.7952,741.6,11.5,4,2.8,0.6437,21631.95,rent,salaried,no,car,1
63,55051.17,20779.35,0.3775,474.0,0.0,1,11.1,0.1814,9013.47,rent,self_employed,no,car,1
22,40417.43,15032.47,0.3719,678.2,11.9,0,4.5,0.1485,23393.89,rent,unemployed,no,car,0
23,29081.43,19289.89,0.6633,637.1,17.0,1,3.6,0.6275,50136.2,mortgage,salaried,no,consumer,1
36,12480.36,1500.0,0.1202,541.9,22.0,0,7.6,0.3879,29101.84,rent,salaried,no,home_improvement,1
41,24656.22,8278.19,0.3357,671.1,10.0,2,7.8,0.4509,17112.49,rent,self_employed,no,consumer,1
69,87510.91,33379.35,0.3814,654.8,0.4,1,7.1,0.3315,5495.81,own,self_employed,yes,consumer,0
47,39314.83,36302.8,0.9234,663.2,9.8,2,3.6,0.6617,8752.63,mortgage,salaried,no,consumer,1
39,75837.41,38873.99,0.5126,638.9,15.8,1,6.8,0.5328,28199.89,mortgage,salaried,no,home_improvement,0
62,85959.54,27290.43,0.3175,588.4,6.5,0,2.9,0.5205,4712.96,mortgage,salaried,no,education,0
33,63397.91,1500.0,0.03,555.9,12.9,1,3.5,0.2244,18040.33,rent,salaried,no,consumer,0
65,55834.39,14379.92,0.2575,613.2,3.1,3,5.3,0.5753,39564.28,rent,self_employed,no,education,1
41,66192.55,37895.87,0.5725,729.4,9.4,1,3.5,0.2616,20255.89,rent,salaried,no,car,0
36,53001.11,41476.65,,682.5,0.0,2,8.1,0.3317,1813.02,rent,self_employed,no,consumer,0
36,91893.82,38351.77,0.4173,659.8,2.6,0,4.1,0.1833,50667.72,rent,self_employed,no,consumer,0
21,108036.81,19164.97,0.1774,587.0,7.5,1,4.9,0.4371,44436.72,mortgage,self_employed,no,home_improvement,1
54,97795.48,6321.09,0.0646,637.0,5.6,2,3.3,0.6935,25517.65,rent,self_employed,no,consumer,0
49,12000.0,21512.42,1.5,720.3,0.7,0,8.1,0.5176,37136.33,rent,salaried,no,education,0
52,52511.36,22177.68,,702.9,4.9,2,3.8,0.3772,13995.3,mortgage,salaried,yes,education,0
53,63099.82,40786.78,0.6464,629.2,9.2,1,8.4,0.4929,28866.82,mortgage,salaried,yes,car,1
22,74113.39,24733.5,0.3337,469.1,7.1,0,8.2,0.4918,11646.9,mortgage,self_employed,no,car,1
64,21544.45,22200.17,1.0304,614.4,7.8,1,4.4,0.4839,0.0,rent,self_employed,no,consumer,1
46,21157.35,22881.94,1.0815,628.8,11.3,3,5.6,0.5072,56878.84,mortgage,salaried,no,consumer,1
55,94362.95,26798.31,0.284,597.0,5.7,0,4.3,0.2516,0.0,own,self_employed,no,education,0
22,49581.14,29517.28,0.5953,634.0,14.6,0,6.9,0.4924,22463.37,mortgage,salaried,no,education,0
59,27302.25,13305.55,0.4873,726.2,2.4,1,5.0,0.1014,22288.15,own,salaried,no,education,0
54,36512.62,9308.56,0.2549,662.2,17.5,1,4.5,0.5909,25740.08,rent,salaried,no,consumer,0
39,72371.39,38446.7,0.5312,739.2,13.3,1,5.6,0.2384,16654.74,rent,unemployed,no,car,0
67,43258.86,2307.5,0.0533,551.9,5.6,0,1.5,0.7173,16811.25,rent,salaried,no,education,0
53,68799.02,41652.97,0.6054,642.1,6.0,2,5.3,0.01,20076.18,mortgage,salaried,yes,car,0
66,39510.54,1500.0,0.038,519.6,8.6,2,7.1,0.8216,25198.03,own,self_employed,no,car,0
62,21139.2,14985.51,0.7089,633.0,10.6,1,5.8,0.1258,17972.75,rent,salaried,no,car,1
31,97185.12,33662.25,0.3464,586.6,13.2,0,7.9,0.218,16974.58,rent,salaried,no,home_improvement,0
70,72556.56,22004.1,0.3033,761.1,0.5,1,4.6,0.5328,0.0,own,salaried,no,car,1
58,54989.98,6202.28,0.1128,695.7,9.8,1,4.4,0.5999,48205.24,rent,salaried,yes,education,0
30,50487.32,27117.14,0.5371,741.1,0.0,1,2.7,0.4105,26035.49,mortgage,salaried,yes,car,0
60,98157.61,22804.05,0.2323,632.8,6.6,1,4.5,0.6574,21133.6,rent,salaried,no,education,0
42,77196.72,19407.42,0.2514,588.5,15.1,0,10.4,0.3027,8632.99,own,self_employed,no,home_improvement,0
64,90523.51,14512.93,0.1603,586.1,0.1,1,6.2,0.3861,2945.79,rent,self_employed,no,consumer,0
29,48991.38,21584.73,0.4406,684.9,0.0,2,4.0,0.4066,30899.8,mortgage,unemployed,yes,consumer,1
33,64216.0,15016.94,0.2339,800.8,8.6,1,3.0,0.3569,15602.06,mortgage,salaried,no,consumer,0
38,72652.77,51214.39,0.7049,695.9,14.7,5,1.5,0.0638,27315.97,own,salaried,no,car,1
43,49798.34,19119.79,0.3839,636.9,9.2,0,3.4,0.4648,0.0,own,salaried,no,car,0
52,60707.23,17514.92,0.2885,650.8,0.0,0,7.4,0.4458,41202.82,mortgage,salaried,no,car,1
32,48993.35,15500.37,0.3164,662.7,0.0,1,4.4,0.6964,31520.66,rent,salaried,no,home_improvement,1
56,72577.42,43323.41,0.5969,,8.0,1,3.1,0.2,16784.06,mortgage,salaried,yes,consumer,0
22,,2331.2,0.0745,757.5,1.4,1,3.4,0.3357,25014.38,own,self_employed,no,car,0
37,76727.28,26313.19,0.3429,684.5,8.2,0,7.1,0.7227,29115.07,mortgage,self_employed,no,consumer,0
53,70457.12,19128.52,0.2715,673.2,8.5,2,5.3,0.5316,0.0,own,salaried,no,education,1
34,58120.6,4919.2,0.0846,687.5,5.0,0,3.9,0.5854,43167.4,mortgage,unemployed,no,car,0
42,73788.41,12171.08,0.1649,702.1,16.9,1,4.7,0.5652,25248.91,rent,salaried,yes,education,0
51,54241.43,25803.45,0.4757,634.0,10.6,1,11.0,0.5662,7438.47,rent,unemployed,no,car,1
33,46916.86,11627.28,0.2478,601.7,13.8,0,8.5,0.8524,1551.13,rent,self_employed,yes,car,0
69,76049.43,25114.77,0.3302,742.4,12.3,2,9.2,0.4892,32806.47,mortgage,salaried,yes,home_improvement,0
63,77088.34,42749.84,0.5546,666.6,6.7,0,1.1,0.2576,21167.39,mortgage,salaried,no,car,0
69,50825.51,24047.21,,736.2,6.5,3,5.1,0.6041,25239.01,rent,,no,car,0
45,48766.74,4557.85,,788.5,6.0,1,3.9,0.351,18399.97,mortgage,self_employed,no,education,0
38,58608.64,11838.44,0.202,704.0,11.0,2,6.9,0.4469,2958.84,rent,salaried,no,education,0
70,49751.86,18575.13,0.3734,691.9,4.1,0,8.1,0.5477,25629.27,rent,self_employed,no,car,0
57,99602.86,17773.18,0.1784,850.0,16.5,0,6.3,0.2975,15036.97,mortgage,salaried,no,education,0
60,70595.42,23824.17,0.3375,680.5,3.6,0,3.3,0.3628,17674.63,mortgage,unemployed,no,car,1
30,63350.41,25749.32,0.4065,583.2,8.6,1,3.8,0.5699,53655.04,rent,salaried,no,education,1
64,40614.6,42766.34,1.053,643.9,6.3,0,7.1,0.3548,31036.04,mortgage,self_employed,no,education,0
47,80735.75,21955.36,0.2719,781.4,5.2,1,7.3,0.6744,31901.47,own,self_employed,no,consumer,0
59,48321.48,8173.67,0.1692,567.9,18.8,1,5.9,0.2629,58807.85,mortgage,salaried,no,home_improvement,1
62,47334.06,35845.67,0.7573,608.6,5.2,3,5.8,0.2622,23768.61,own,salaried,no,education,0
26,81542.75,37156.29,0.4557,748.0,5.9,2,5.6,0.8703,19795.61,rent,salaried,no,consumer,0
25,72295.75,24789.32,0.3429,644.6,4.0,2,6.2,0.1487,7811.89,rent,self_employed,no,consumer,1
24,12000.0,19043.27,1.5,656.7,7.7,1,7.3,0.4644,11211.72,rent,self_employed,no,consumer,1
53,59213.5,29470.56,0.4977,745.5,7.0,1,7.1,0.8588,0.0,mortgage,salaried,no,consumer,0
66,66012.47,19467.04,0.2949,611.2,1.7,0,5.6,0.464,,rent,unemployed,no,consumer,0
22,54849.69,1500.0,0.03,554.9,5.3,1,5.4,0.7528,0.0,own,unemployed,no,home_improvement,1
27,66848.73,28761.69,0.4303,560.8,10.7,1,5.3,0.607,31541.04,mortgage,self_employed,no,education,1
45,19567.49,32707.02,1.5,708.6,12.8,4,3.5,0.4685,17354.61,mortgage,salaried,no,consumer,1
40,12000.0,39293.05,1.5,,7.6,1,3.5,0.4426,19920.88,mortgage,salaried,no,consumer,0
26,39588.76,13230.9,0.3342,613.1,7.8,0,6.9,0.0249,17364.48,mortgage,unemployed,yes,home_improvement,0
51,69773.93,24713.98,0.3542,578.1,5.6,1,3.7,0.403,38791.12,mortgage,self_employed,no,consumer,0
66,12000.0,24973.59,1.5,644.7,4.9,1,7.5,0.5188,36141.64,mortgage,salaried,yes,home_improvement,1
31,42754.89,23024.59,0.5385,748.7,2.7,1,5.4,0.5186,17566.63,mortgage,unemployed,no,consumer,0
21,16853.74,23378.27,1.3871,602.3,0.0,0,7.5,0.9878,4514.94,rent,salaried,yes,consumer,1
32,57177.02,22445.63,0.3926,615.3,3.8,0,7.1,0.529,31858.34,own,self_employed,no,consumer,0
30,109989.58,24540.99,0.2231,575.7,12.2,1,7.6,0.6023,3381.38,mortgage,self_employed,no,consumer,1
44,57787.78,30888.17,0.5345,637.4,5.3,0,4.3,0.7146,0.0,mortgage,self_employed,no,consumer,0
26,60419.93,36643.45,0.6065,690.4,5.7,0,6.5,0.5835,25475.25,rent,self_employed,no,consumer,1
39,83141.54,12924.01,0.1554,823.6,5.6,2,7.3,0.4519,36277.35,rent,salaried,no,education,0
26,63511.36,19932.38,0.3138,,14.0,2,1.6,0.453,11923.72,rent,salaried,no,home_improvement,0
54,57840.2,16928.7,0.2927,661.0,2.7,0,9.8,0.3964,24067.77,mortgage,unemployed,yes,home_improvement,0
44,85239.5,15211.93,0.1785,729.7,8.9,2,11.2,0.5633,11764.89,rent,self_employed,no,consumer,0
24,74325.29,2607.62,0.0351,717.2,7.1,4,7.9,0.4342,28829.9,own,salaried,no,education,0
23,69927.02,22290.67,0.3188,621.7,7.9,1,7.5,0.6012,34425.45,own,unemployed,no,car,0
45,59669.28,27751.84,0.4651,837.7,8.8,1,7.0,0.2581,14057.02,rent,salaried,no,car,0
50,54694.45,20138.8,0.3682,663.2,7.8,0,4.7,0.5008,2585.95,mortgage,salaried,yes,car,0
29,85012.1,21892.51,0.2575,682.7,11.6,1,5.2,0.7959,0.0,rent,unemployed,no,consumer,1
37,54924.9,27021.24,0.492,706.4,7.3,2,7.9,0.4228,31885.33,rent,self_employed,no,home_improvement,1
51,92550.07,38933.44,0.4207,690.9,16.6,0,3.1,0.857,951.5,rent,unemployed,no,consumer,1
44,37868.49,16962.83,0.4479,779.4,7.7,1,2.8,0.5044,23580.36,mortgage,unemployed,no,car,0
26,97410.81,7940.65,0.0815,620.8,0.0,3,4.5,0.4581,29661.11,own,salaried,no,home_improvement,0
40,74328.96,20914.72,0.2814,723.8,10.8,3,7.1,0.4945,10480.47,rent,salaried,no,home_improvement,0
30,39755.16,44602.74,1.1219,677.3,9.5,0,3.3,0.4046,15506.84,rent,self_employed,yes,consumer,1
67,75215.49,8069.19,0.1073,738.7,7.7,1,4.9,0.0541,32985.65,mortgage,salaried,no,car,0
61,47392.73,29801.63,0.6288,648.9,6.2,3,5.2,0.6548,,mortgage,salaried,yes,consumer,1
36,63802.27,35894.96,0.5626,638.7,0.0,1,3.0,0.9305,4354.33,rent,salaried,yes,car,1
32,51320.95,1500.0,0.03,719.9,0.0,1,1.0,0.5709,14484.13,mortgage,salaried,no,education,1
27,59810.11,26922.67,0.4501,691.8,16.1,1,2.9,0.5837,37168.69,own,salaried,yes,consumer,0
57,85594.34,29240.93,0.3416,603.5,4.5,2,6.2,0.4317,42160.97,rent,salaried,yes,consumer,0
66,75444.28,18791.98,0.2491,765.9,12.5,2,6.7,0.7131,16518.25,own,self_employed,no,car,0
34,35991.23,14242.74,0.3957,719.9,0.0,0,6.7,0.4618,7318.18,mortgage,,yes,home_improvement,1
52,37365.69,14912.05,0.3991,659.4,2.1,2,7.0,0.5261,33961.72,mortgage,salaried,no,home_improvement,0
32,69498.61,18057.18,0.2598,629.9,11.0,0,3.9,0.1413,0.0,mortgage,salaried,no,consumer,1
66,71236.49,18374.85,0.2579,692.3,7.0,5,3.4,0.3588,21714.16,mortgage,self_employed,no,education,1
35,46813.32,16110.68,0.3441,714.5,10.3,0,6.4,0.5471,17341.3,mortgage,salaried,no,education,0
25,101191.57,17866.3,0.1766,545.4,7.4,3,5.0,0.6605,37407.42,rent,salaried,yes,consumer,1
65,82523.88,36289.5,0.4397,693.2,6.4,2,7.8,0.6663,,mortgage,self_employed,no,consumer,0
68,47986.17,7426.85,0.1548,713.9,4.0,4,6.5,0.1384,3862.07,rent,salaried,no,consumer,0
40,45665.87,1500.0,0.0328,488.6,1.3,1,8.7,0.1597,20515.17,rent,salaried,no,education,0
66,57532.48,36481.42,0.6341,679.7,14.8,5,4.3,0.5927,9440.93,mortgage,unemployed,yes,education,1
33,55035.49,19695.79,0.3579,717.1,15.7,1,8.2,0.3132,13600.09,rent,salaried,no,car,1
34,93147.78,17341.21,0.1862,708.6,2.1,2,10.6,0.6579,27260.82,rent,salaried,no,consumer,0
47,86628.55,20665.39,0.2386,725.2,1.8,0,5.6,0.1277,12976.59,rent,salaried,no,consumer,0
51,63841.67,24511.32,0.3839,640.4,5.7,1,6.7,0.4493,20908.88,own,self_employed,no,education,0
40,79269.73,15711.39,0.1982,587.0,9.3,4,3.2,0.4628,32359.08,mortgage,unemployed,yes,consumer,1
60,82751.41,28071.17,0.3392,530.0,6.6,0,7.7,0.5709,40727.43,rent,self_employed,yes,home_improvement,0
60,64398.26,10452.85,0.1623,746.9,10.1,2,8.3,0.2535,22330.2,own,unemployed,no,car,1
27,72662.85,18378.09,0.2529,717.7,7.2,0,4.3,0.057,19766.48,mortgage,self_employed,no,education,0
70,77260.5,1500.0,0.03,752.6,6.9,1,7.0,0.506,1390.65,rent,salaried,yes,consumer,0
28,74702.54,36066.85,0.4828,610.6,20.0,1,6.2,0.5806,41786.98,mortgage,,no,home_improvement,0
47,44308.71,19886.95,0.4488,725.3,4.8,1,6.5,0.6816,25435.52,rent,self_employed,no,education,0
42,46734.97,30041.25,0.6428,552.3,16.0,0,7.5,0.3947,20043.38,mortgage,self_employed,no,education,0
43,56073.73,27718.9,0.4943,599.8,15.0,0,6.8,0.6329,19275.74,mortgage,salaried,no,consumer,1
27,46040.06,28597.77,0.6211,674.4,10.1,0,5.2,0.572,23409.8,rent,salaried,no,car,0
38,27645.59,21906.69,0.7924,714.7,0.0,2,7.6,0.7477,29576.86,mortgage,salaried,no,home_improvement,1
22,79222.85,26658.73,0.3365,790.9,7.7,2,8.3,0.4584,31433.26,rent,salaried,no,consumer,1
69,71313.8,10464.59,0.1467,647.0,4.8,0,4.1,0.1067,42162.03,mortgage,self_employed,no,education,0
28,30855.2,7945.86,0.2575,,7.6,3,5.5,0.4558,21640.33,rent,self_employed,no,home_improvement,0
45,57218.0,20786.73,0.3633,596.2,2.0,1,1.1,0.4886,44313.02,mortgage,self_employed,no,consumer,1
31,58577.14,13842.68,0.2363,613.4,11.4,1,7.0,0.5788,33865.85,mortgage,salaried,no,consumer,0
29,67366.67,39105.57,0.5805,831.6,12.6,1,8.6,0.1481,17098.03,rent,self_employed,no,car,0
40,37033.86,26501.73,0.7156,721.8,13.6,0,4.9,0.4045,0.0,mortgage,salaried,yes,consumer,0
69,30504.14,13402.22,0.4394,748.4,5.5,1,5.8,0.6523,19283.43,rent,salaried,no,home_improvement,0
